,vec,label
0,"-0.22680121657566932,-0.2659514608211709,0.4730763166784162,0.8473069862310548,1.1137426752637647,2.7177749067338666,1.4223425772507559,0.5845272467214725,-1.6487083566469114,-1.6021991668345905,-1.1896471931566854,1.1675298092223565,-0.788631713942024,-0.3005559393453288,0.29274295681164525,0.49448943771944703,0.8216861928679803,-0.8086359093776823,0.8402772370449789,-0.14101640738886503,-0.8883055047220961,1.821879663713718,-0.21612142992626407,-0.6098701879020153,1.4886436126678775,0.09125917223177805,-0.7704613112654438,-0.4173527092861273,-0.6170111226260586,1.0651786237702316,-0.7409725957413442,0.17548492785433684,0.9049466550546483,-0.815279146779038,1.136168307667496,-2.1449663751510197,-0.8888820375331966,0.5977232310434465,-0.4920331736649377,-1.861573857918507,-0.3688555636490933,0.2812084783308723,1.455643886427788,0.539638444458866,-0.14703533933553606,0.36009765675306904,1.4020393453456708,-1.8183813996667413,-1.0700903912448676,-0.7722277477801444,1.746889343435912,0.052189825659118935,1.6700113020346892,-1.3306772182883635,-1.7896202325555015,-0.7068666671584228,1.2942262536395501,0.6967892710739543,1.0305117470276488,-0.3273459258824541,1.5520681702141668,0.6567666866233298,-0.5465513732632131,0.04783486368715124,1.055898798540742,-1.2532792260725378,0.6809542575735222,1.190942487946356,-0.3577375789474901,0.4646064482492602,0.006289442229841769,-0.38643024445179985,-0.587386430196319,-1.990926468138802,-1.437895563548906,-0.746321652788844,0.1617325003076694,0.20337581822850506,0.4925466842528479,-2.409470583375708,-0.4675372100026936,0.41304444717970024,0.04544598886505371,-0.6663341523114443,-0.9465525282938596,0.48104859346120366,-1.145036782754461,0.46760139763383085,1.4770245991154949,-0.27810538943889207,0.0628363975691431,0.24465969238088517,0.06471694558509865,-0.6963517858186409,-0.3010186205289845,1.344774676777565,0.0358767132983575,1.1444445049383596,0.12219675258322277,-0.03345821300435556,0.36132153938706507,1.8192386085645207,1.2435419551204911,0.0792703871832381,0.9561130126724683,-1.7519178324733238,0.21509123278653336,0.8188774596473444,-0.510989306200531,-0.18847564239161296,-1.3877900831965346,-0.39728937224370886,0.04942301610318734,-0.6986090482010969,0.10047085473094645,0.6721897294026359,-1.5789295343431284,1.1891950336832533,-0.4836582930379411,1.6555067213421966,-1.014779464691957,0.41796095375833453,-0.05626383802326954,-2.0197307934895865,1.64303718832799,1.1053293069409444,-0.573506926166668,0.3798016818993121,0.11854617631903659,-1.0873665246011728,-0.691896549037406,-0.32528006303264817,-0.3762799471891416,0.6994680636109162,0.20873978859810416,-0.33614161838103945,-0.13465911030453065,0.5404467261731041,0.9300986685587724,-0.2706860168240343,0.8527529671862912,-0.5110486248202281,0.1750726817200865,0.9026651129382506,0.9344147595664989,1.2593850015859263,-0.2390508169381113,-0.7973699891420376,-0.2865599019356317,1.253224303659324,0.6227117003307663,0.7344736706654571,-0.41753656771116876,-0.5282961489538496,1.0864705436154567,0.7830656571339923,-0.31961840315913304,-0.11425156008162327",1
1,"1.3262454332438658,0.5679759695378628,1.2393127746705075,0.6303131933310793,-1.1939719857388866,1.3750901566480276,1.3512435119764656,-0.10867554535195555,3.2816208896576673,1.7902362152624396,0.7988570223164753,-0.2603650926637876,0.43051691696608163,-0.7617575383878397,2.9383130961893182,0.46162955074484185,-1.220557791938761,-1.4518178570624618,-0.11884218086242422,2.1471457932949685,-0.6175877741212538,-2.064261221345301,1.0153364725505234,1.6400638173030024,-0.2258785011067081,-0.3315618240098171,-0.6608528370029083,-0.5618440653684866,-1.44712623573757,1.2747100489857077,1.3679625652717045,-1.470490581545839,0.2497370780027695,-0.5440269992806139,0.5695683012990461,-0.8781624199990268,-0.6788320147017336,1.147154281292012,0.8709626832870458,1.7863511804719703,0.7089992028274772,1.3106884824274911,-0.21663191863657572,-1.076253458618136,0.07139159952161883,0.7338923897129335,1.7175926504718553,0.4975688373618262,0.4359135078055194,-0.3238660302589025,-0.4030954833681318,-0.17795288492134684,-1.4948390231357258,0.769087557973429,0.9235045654012467,0.9845012111402985,-0.3722946020939826,0.9697074720778067,-0.2972614457402764,-0.8783595613649395,-1.698148209726884,-1.5361489752094097,-0.7883214737494918,0.3503024562542116,0.23226088934282368,2.0019978919981662,-0.5918809751403913,-1.5987905977502397,0.3026137216369639,1.2500430115924313,-0.6059295830679761,0.8047029827079272,-0.13713152695765748,-2.483092708731326,-0.6768709095788972,-0.5411278854641076,0.09946686724244976,1.2640144866550018,1.331538680470447,0.41619001863431426,0.7505084721554933,0.2207761668725659,-0.012881518241517152,0.7084274988533625,-0.9932558690707128,-0.1081220302239425,-1.189610527473475,-0.39920596222281685,0.022780157646961705,2.0347410020742873,0.1588472685082672,1.860170802060312,1.1755351720334173,0.39815222863640154,-0.5786462450439056,0.011734879974991052,-3.4235949844840112,1.7365878343110972,0.33923406358482866,0.08154097576512626,-0.16265712282331024,-0.08560135242774786,0.49328782364561335,2.071866757649279,-0.5024300633595343,0.08153498288752535,-1.0202580815389568,-0.8636270780783292,0.3761842069818307,1.0037319445866224,0.8467872093528458,0.8546634530192238,-0.08429049609865234,-0.40732565056262354,-1.2147011009794375,0.745541616803627,1.2115117748626645,1.5259796376227022,-0.16028896024106362,-0.3840213966022758,-0.2716585479688177,-0.06336229924055839,0.48233678208404995,-0.574339752339081,0.9962360915947058,-0.7734015875731998,-2.732201433083864,-0.901523988174715,0.9407053563461366,0.013546525428150942,-0.26412204453850274,0.29136673466929536,-0.2947542790444973,0.04580995710016543,1.687859681681377,-1.247506676309972,0.013161975334731025,-1.014823307976978,0.8764032976790299,-0.20429238058105692,-2.1331098211739605,1.496572026027363,0.19126368539565303,-0.18211067891473834,-1.3185674947720885,-1.9925683586384648,0.05793814922664178,-0.2068552299802808,0.20694446242580616,0.6427212033677288,-0.19603503409068818,-1.1129678919315678,1.4048116445191672,-0.8332304793357544,-0.07957863906963632,-0.11708094731725298,0.8888264124842661,0.6990705475496012",1
2,"-0.22505214761192144,0.4699687707757357,-2.598731999967531,0.6136237385139421,-0.4101382611771761,0.5377928939051303,-0.11414578520066633,-1.5204732808683916,-0.434273068487675,-1.7141357841441764,-0.18498322445386994,-0.9930180131755715,-1.5243174946348175,0.24649312429479686,-1.2551414207680616,0.1029891370270816,1.0877675564718097,1.5235362547654145,-0.6517230540482251,0.5103779522691582,0.6971392811459776,0.5439137871937862,-0.44245185522522484,-0.39365734150513576,-0.35354238568514945,-0.3510569680847807,-1.3017993020097274,-1.4396533611959226,0.4867733125364328,-2.5548917479528095,-0.9052150105118313,0.7392229073526798,1.1091775070512986,-1.2009674034288258,-0.5491905865061736,0.4570850531933026,-0.09054362103815879,2.2274006074297925,0.7998461769799656,0.20032140842060867,1.0851507705034322,-0.7657041665649227,1.5174403510054748,-0.09500082536987929,-0.3604962827728801,1.2952307017913096,0.516839282526276,1.3572612049061379,1.7115655591888443,-0.2731398520279854,-0.7277927425111352,-1.1367337153625723,-0.014737655696409276,-0.7743763257253845,-0.021076230538612326,-0.08399110928159781,0.49608110221108503,0.7641099942761521,-1.3657002463634837,-0.664740850463843,1.0953930780482508,-0.6567662708808351,-0.07630482673165044,1.8733848524981003,1.5998708938434574,0.41306762091738825,-1.2392275185815136,0.09122419765821464,-0.8644975302671966,-0.890465139406649,-0.5237807438988754,-0.587581686913763,0.4002976758737975,0.43146361133402167,0.16002523344769737,-1.2154701061778357,-0.7998553627701945,0.4969733660469521,0.5598368705153751,0.012461113082277712,0.11343577135908442,-0.04270774432792213,-0.02695851742506285,-0.6414802426483619,-0.25834694578744044,1.914954867153292,0.9081742495176288,1.098004633342415,-0.17737486873637878,-1.1893124090980483,-0.20412049307894695,-0.32767365877539417,-1.2743708679449084,-2.544814382511433,1.829227873727112,-0.3609881790897295,-1.0965783797527708,-0.8959261327481822,-0.15843242803155783,-0.6745025006056539,0.5341529468063907,-1.945252808535996,1.6377620672800595,-1.1263798512242142,1.5912819889897254,-0.9488699962154845,-0.4355580356611888,-1.8978949579931026,0.046232214807058136,0.24578361061463846,1.0655707168811206,-1.7710920294461046,-0.14117142897636648,0.020946887627519502,1.4363424039352406,0.2639105718532976,0.6320266916009114,-0.8083325986497241,0.6272851209369876,-0.42365204535837064,-1.042020493399827,-0.25957429759330175,0.8514542797285388,-0.23388229334338048,0.7901828736723655,-0.18047676511324187,-0.374558995530051,-0.7678709345063294,-2.177747284529418,-0.643318383510568,-1.2502058300542447,0.43710650468483847,-0.20932860988585653,1.2655501250799661,-2.8351481436931425,-0.8510762611335678,0.7017128228557877,1.1408845817596727,-1.0994495770246848,-0.23947123577221982,1.82179775848601,1.0034124813166403,1.7568063107734784,0.6338240068815575,-0.7589195093099881,1.9545121657777977,-0.4492687146705384,-0.30537696250211416,-1.0519988224291101,-0.10221517333170314,-1.1318542964731613,-0.26123061139127385,-1.758284682560353,-0.23244877896694643,-0.7354316211127913,-2.1291408717097227,-2.666123634485204,-2.501544055330133",0
3,"0.048424384292837144,-0.585764688666048,-1.2411990098713808,-1.1923535481942187,-1.0319079431696112,0.57056548335006,0.4735387677328975,0.07925791776833592,0.50535917564145,0.9716414759624612,0.7977313835131741,-1.278912191428252,0.6688891406202683,-1.2802007786910057,1.000362230591626,-0.19924712013790616,-0.48724208339046704,-0.16760136601288003,-0.13272043768661582,1.015405743432781,-0.016233829515961466,1.8320722273732903,-1.0733141628965788,-0.27988360062475454,0.7273511663552218,0.253963537799885,-0.048431245606255065,0.9814310019110444,-0.25234994656138743,0.5285904125915207,1.752296637697926,-0.7839744795683982,0.5087438033882963,-1.1293644962353169,0.21155740490022523,1.9069683198361045,0.08003781464272729,-0.04212685097746371,0.2794909835262188,-0.28545746311024633,-0.5376780686616355,2.620814178651855,1.134135221852523,-0.07093201035875361,-0.14809480860467564,2.6990656365823713,1.589129645244312,0.05888657293769482,1.1128758354146322,-0.9531158853549149,-0.46637294563599924,-0.8122526490494302,-0.27013149255111935,1.0176076831094565,-1.2434988132037588,-1.4788028834015534,-0.565397837865622,1.8321696478798422,-0.7469269541664533,0.40579221631472895,-0.21696881780782865,-0.36816256673759173,-0.13499578627249684,-0.8958833016442375,-0.9185053091085542,1.058610726937365,-0.006028872282476492,0.24575756080047637,0.6161062388857174,-0.014840459288506939,1.3957450141990866,-1.6370315222954928,0.504553900770604,0.3203194901189318,-1.658435830667079,-1.0740206208775378,-1.096842372688202,1.5666601193753966,0.3712470859534834,3.5741923529547,-2.030506001514376,0.8421836468885932,0.8395883202400647,0.8757708799510127,-1.0375700853474756,-0.18769508434475962,-1.583815600085467,1.6854195843432445,1.0102388461466574,0.25173191955517016,0.1784807049018601,-0.1288234320773859,-0.46122538072864233,1.4132162265525992,2.1145698835044096,-2.024102597276297,0.4078475240330132,-1.763949484726678,0.2643551830380672,0.3783783850563647,1.4568747228086911,0.7740129985391986,0.07791640628108763,-1.2271449946901118,0.20524610492339537,1.1322361812927038,0.8915043338168654,-1.524488126869343,-1.9413258411459755,0.05150710780894524,-0.4100252687322628,1.2992150679497663,-0.7757594692534477,0.4355457788837564,0.3616845484713443,0.711921625665687,-0.27008886674942256,1.7139442503228508,-0.16779627753895138,0.6004129237333409,-1.6378513866790598,-1.0079630691991515,0.05267287590465205,-0.9075494909304938,1.28635950957065,0.4186477351538421,-0.3197090023504798,0.1259915397348792,-2.0105384125217896,-0.0828149655765796,-1.94734107015802,-0.8185107178255124,-1.238764828205912,0.3886044514133972,0.909906451987798,-1.0901327336116202,0.4261585288020909,0.3165726718833353,-1.9871960965833022,-0.29372644557392824,0.26505456287277007,-1.570104245256076,-1.096910820725562,-0.1891948376021714,-0.4122866763140335,-0.2282311770023562,0.39661207590669817,-0.5797533984168612,0.19787851294353806,0.40525187461385,0.9335696586921332,-0.6481808036230484,-0.10845516248181057,0.5881801518509179,-0.008233475743281912,-0.9513241478626773,0.6925441011691571,0.13286240346832776",1
4,"-0.7194178633019975,-2.0805101776694435,0.16747423537443157,1.7187780548821237,0.9940703011476236,0.7567933426087423,0.129936112660756,-0.13083691609049417,-0.357038751878402,-0.43557066350352325,-0.0011737357544431817,0.09988582970079508,0.23885117615423823,-1.695632608058345,-0.6227761617982711,-0.4750873795375841,-1.6022372773270845,0.011771966933941823,0.9278994746149855,-1.7786253157790595,0.8720892430239751,0.6373577008092395,0.941647272802041,-0.10620115080260299,1.1084719666594594,0.5393207930254644,0.5341493618072191,-0.7119842681939365,-0.30807467724073956,-0.9223794498937608,0.10413792030613188,-0.5930511656583631,0.6970121916907391,-0.5226295393504747,2.5248152402359865,1.0596964597136602,0.009715240173381823,1.0215901938130083,-0.3677476404632292,0.19325966856327953,0.2173610655304643,0.07258644388762334,-2.644348112320519,0.9931946471692439,1.2202757225856957,0.20436091359594344,-0.7532067561630197,2.554228900146755,-0.22807102138792543,-0.3938619102315222,0.05388307098091257,1.4595273579180343,-0.23678678363374808,-0.6515288929761058,-0.570522478513861,0.1623075458561597,-0.5631252730253344,0.46835825256970015,-0.6268987223263935,0.7110446762108027,-0.7813088471754435,0.14546220890115982,-0.028812078656940326,-0.6682502164471471,-0.24242709227222425,-1.9198717144393371,-0.7747662389472727,0.06088927356023492,-0.4040465524424678,0.4485882935850702,0.3358641958514208,-0.9709661129126413,-0.553943447407741,-1.3290778812112305,-1.0906618471988139,-0.08280786040738433,0.004678947595496098,-0.32027766316323997,-0.07315451900107837,0.48536033693455805,-0.24911233550522333,1.0903916874879664,-1.702356866903681,0.3929390758855786,1.115892410470557,-0.6203948676838813,0.405616709263823,1.371740331960716,0.5574054706848056,0.6238154646697056,-0.9785852034556352,1.122229651782171,0.5533445910174822,-0.7196935354537576,-0.03669449342876954,-0.6616997252891257,0.16737330326984207,0.33156281612074373,2.5290592085721357,-0.8825319264068842,-1.852022440570011,2.9919447339194027,0.8452313824793111,-0.815772110334232,0.6279784068618034,-1.7524645849469316,-1.1482333060109544,1.1620787051592958,0.33628687557188547,2.1616898972361116,-0.27143381800429206,1.9537411464986971,0.2576713969694483,1.1301065317179753,0.33919307320472364,0.2870097321063588,2.670544017612718,0.7888241741726707,0.15055614824009095,-0.39813213922701424,1.4560578633482377,0.4641243564297233,-0.9100076504344461,0.0737618064506303,-1.212787932886673,0.9022022949961115,-0.8856600150267736,-1.0705664035283418,1.1678915696546488,-1.603221648938606,-0.403515762864183,-1.221774402302093,0.46073192624904324,0.7984094147504075,-0.081264061934485,0.24850898556100365,0.6570816265195597,0.8002147853096956,0.19393950601028226,-1.212223014353189,-0.14299916406136,2.048219736927067,1.6846355797556736,-0.2718308510858612,-1.1782122005046942,-1.4095783900628074,2.2548081278580376,0.11227677845982707,-0.40751430610932954,-0.704468239735629,-2.783678238425383,-0.6159289772431124,1.2965619469114147,0.19707216007759248,1.0299932455248917,-0.23095913784381106,-1.3160850088089369,1.4428620824011584",0
5,"1.5619973148798953,0.6078598468163828,-1.2484075615211827,-2.087220607334271,0.4277529129760365,0.7262898811018526,1.2300293401130284,0.2578267527952183,-0.6656568055154831,0.37393521763169785,-1.0403893311206844,0.07320493125500693,1.5334628567876114,1.3322347613710688,-0.5378009928089386,-0.5689117354851396,0.32000035720411063,1.024222651290357,-0.2487498442490806,-1.853762525872956,0.4414406259348269,0.12380796142571626,-0.798194543623874,-0.16014177793201226,-0.6534717434814135,0.588351145908718,-1.054040182583412,0.42852164658482267,0.5097242588646045,-0.9956250946156673,0.1529871306386839,-0.08259148403444548,-1.3148274862307585,0.9861283546678513,0.4613018578250133,-0.7387075946734399,0.7303472228295476,-1.8309732153261085,-1.266433307608878,2.595834811433508,0.4962915212615715,-1.009076155206111,0.39520495002435896,0.21018568882915672,1.0099079314384398,-0.6715311311938194,-1.025215350300496,-1.0025869622078547,-1.8240899667570065,0.24985010897326454,-0.7379635864078583,-1.268840230775764,2.0543962578059554,0.9957607275882007,-0.03291567232127325,0.8705533647087427,-0.9541006687997671,-0.4065881712986034,1.3469391830703843,0.7451956323963725,-0.16837343802050275,-0.5209125459291555,0.7367415050169928,-0.0030554533161282972,0.8500416891940074,0.5275246621906725,0.42350613924321373,0.3436256930610559,0.7820747760709003,-1.1429170146408425,1.266650635519058,0.26232070323791173,0.2222708717896981,1.0905971097435996,-1.1191778629200038,1.227898319166979,-1.1997491177795852,0.5802939357603564,-0.5462925301091549,-0.8791441443365623,1.579298405386881,0.6958237054360167,-0.09274293979281757,0.6011461711985537,0.8530958243241161,0.23337795383240348,-0.19102816435591882,-0.2950519363278093,1.3572973691508352,-2.375568339739176,1.440242573945303,-0.6582602287726602,0.6282813146146727,2.617338453204425,0.31156179211093427,-1.0374958087609978,0.46691617688676856,1.165557206033614,0.06988652171324436,0.810053991076303,-0.38681278054011176,-0.0818719923334973,0.8031152665138399,0.8032675251204541,0.4032622638302441,0.19942459443082763,-0.16857346633508902,0.2300815838059432,0.4660739599408751,0.6663053852401837,0.0384097045770571,0.9948691049625135,-0.9976316222301312,-0.9196285675401704,1.5763879926152982,-1.8162003015831647,-0.19472989780164884,-0.52300845178718,-0.79488660032439,-1.0006672154938294,0.23780188011007156,0.9282563364973286,1.4237928952850267,0.3632104958762846,0.11783249407224901,-0.6824181435666239,-1.3301485922673766,1.7491028801542576,-1.509311045621408,-0.5126055734619979,0.6639998818849042,-0.5492858206224592,-0.38482100682560555,1.25973627512012,0.1527846911048203,0.9064296721770663,-0.3256002669404071,-0.48439439470431084,1.1647004380500277,0.6124018307233876,0.29253964585072567,-1.399936636428499,-0.9440844287467585,-2.00893636714218,0.5890176484975236,0.32642452020435725,0.6110272524774415,-0.6844424638665474,-1.3605813793392156,-0.029794302618977194,-0.8010455070941335,0.07072805849072944,-0.5187317551877538,-1.1855667551900333,-1.0225666924724324,-1.4344527873321269,-0.23024190128078645,-0.4797173383186678",0
6,"0.040716233242045215,0.7076765275261884,0.8501987227154433,1.8728630143659497,-0.5882856896313795,1.5022863768919357,0.49044995185790485,-0.9764927075993419,-0.6789698359693948,-0.14872541656758517,-1.3739805823749225,-0.08338219738189251,0.35701118113225405,0.07905084366248254,2.2552803849733167,0.42546211736185624,-0.8630367400496013,1.1277192644522591,0.05520726724351643,0.9386477421664762,0.5004525122827829,-0.9277730940119204,0.29617264945201854,-1.5516941493875709,-0.8716814991091917,-0.03961116501074609,-0.20261269929434075,0.8371394933771862,-0.648897211730489,0.06831012480653703,-2.1093950193390745,-0.8322720890099589,-1.089467939546404,-1.4799393836923835,-0.5984237135829383,0.17167280957151573,0.3350643174351546,-0.5749287726942068,-0.34936603622717033,0.8545248630414753,-0.30575166347602734,-1.2183284216653043,-0.9761110696795786,-0.6013020113615992,0.03026174928476303,0.6180977355952053,-2.2778516029520204,-1.2383746278099146,0.36197513040998064,0.6258122306201888,-1.0281704504670357,-0.8921245993121044,-0.2902304148694726,0.9972824149260806,-0.07768282198698676,-0.757879731872706,1.2335896705471163,0.6259075563416322,-0.9232639388485651,-0.6528162871040696,-0.7901434532340567,0.7222066493733166,0.22726403965737413,-0.9742067236790166,0.45091948035802887,-1.0296347721129626,-0.3001887575355842,-0.6518561027999242,-0.46142100646834705,-2.7504764414727476,0.6251115351161448,0.19805583274556668,-1.6851204174540961,0.07761975560545782,-1.7949679747779406,1.3409811952542634,-1.47912536615722,-0.2651427623872716,-0.1439799555294623,-0.261913891029524,-0.1340356673118207,-0.5955418860791503,-0.05595580273327378,-1.486484586338245,0.38673113714572954,-1.5782768724350484,-0.9999899791946016,-0.5530282988041998,-0.7048613227334799,-0.19942052246814557,0.04273746573500274,-0.5393006298996874,-1.097369800224513,0.9119778158596811,-1.575323081247948,0.894669577090875,-0.7869097077738013,-1.0468602072396884,1.7008776430307468,0.865260528529352,0.856502433803778,-0.5783018068458972,0.8477725119706054,0.09301178013816873,-0.6046628668028243,-0.6238023514726245,-1.630814898734986,-0.12184361301266912,0.718586241807008,0.9333039026111408,-1.232314791241391,-0.3746776766076722,-0.9134500996120092,0.5829954101250381,0.5366924869366317,-1.4856409255113923,0.9234958922461248,0.5299502173450004,-0.5248111459453548,0.21533972673230206,-1.4820169950414348,-1.1328822502221878,-1.0308882846458298,1.3677523269217642,0.18091304908164554,-0.8180398831853953,0.5833907303623934,0.3527484148039149,-1.4129937919887845,0.3267625576475042,0.9034743807969559,0.13204062402317376,0.698179991385795,0.03446673489204002,2.127955540664452,-1.135070275450174,-1.4023107114680156,0.8704038903679784,1.1774918486379826,2.8705862059520695,0.009720561707358693,-0.2403677539161053,1.0175678284423975,-1.3216219726144933,-0.8672147804957447,-1.4731728949141878,1.4453511168859452,0.8087836534035542,-0.13748517629667023,0.6431881158201505,1.8629680092180303,-1.1704652101003872,-0.6984246026021048,0.42978414977116786,-0.12479843890520383,2.37934909110464,-1.4891165542627394,-1.0426124679419793",0
7,"-1.2808347175511954,-0.8876707363797988,-0.786554897210054,0.40247064606198774,-0.30698650530321,0.4540214411895998,0.44221346911404763,0.8753825909415082,0.9829132590432921,0.4116759530503704,1.7264143045943634,-0.2793298889885303,-1.3792789494910418,-0.36928064165414076,0.15265703518776705,0.5565008300522057,0.6077838000255097,-0.35319444123832655,0.7135515658590602,0.17727836138868833,0.8906462540825629,0.6147201567677983,1.867286777081633,-0.9944181145800746,-1.116474901260857,-1.5762331832102416,1.696328157064629,0.9159035695666541,0.407725914474708,0.31876460308042287,-0.5451319363884161,0.7668964254361211,0.3159653803879574,0.5059902093453956,0.9019626587013122,0.005674583328321451,-1.7392363919591665,0.7093317763643536,-1.3743710994679346,0.31584101044066243,0.243423410939444,0.9943907668244656,1.6988249052399047,-0.8766478154461178,-0.32852711289285463,0.7715958599478218,-0.09374698443167408,-0.5660450345926578,0.9864366016717027,-0.13641951191426707,-0.014216786993134766,-0.14083557102322788,0.42961791412325084,-0.9337933954937725,-0.8975952812676292,-0.37412765505280754,0.478841134186528,-0.765296439956896,-0.8911560577399995,0.622810214919715,1.8120861987949464,1.041967473334811,-1.6407213211781053,0.28526709474768847,-1.9210235105500837,-0.08638322617173548,-0.08198012971094175,-0.766318285709844,-0.6489039394834191,-0.28788476844848376,0.20784882331281,0.07482031640676653,0.2506681772212824,-0.2526572512749942,-0.07296778191717589,-0.8754708225034429,-0.14174552172871344,-1.4281933691289848,-0.6669171130829711,-1.2848099828791204,-1.352595382251179,0.018687980412151625,0.7497987674378722,0.39170230068652884,-1.2456674930622582,-0.5927588395981224,0.5909622855745544,1.5188700578357086,-0.5207136316120913,-0.23516241031596316,0.72928485308438,1.2933132253516422,0.5516188080943251,-0.24220578290936404,-0.7148544671213372,1.0517036594128415,-0.803251112426497,0.5583169233981519,-0.6900609997658922,-2.5589540288694335,0.8844656845940648,0.3487933839098443,0.592320746553525,-1.936739669575943,0.8524463795497309,2.0389570919553486,-1.1870800974100901,0.11358283753213008,0.07311787215611909,0.243113757372291,-0.6473631582593002,1.4915856276160664,0.7915877850843204,-1.2227241984099957,0.499590596881383,1.5067720847649,-0.46386221264064215,-0.8792220775633215,-0.29437826425232405,-0.7430318600187621,-0.5880428472707211,0.6118522904434232,-1.1474534734238775,0.782382430868484,-0.6867903234054078,0.3322482791952501,0.7733600298139459,-1.3934465696157818,-0.07919752146588234,-0.4320099043299635,1.9304990355650222,0.5232214861373556,1.473170116535042,0.24011426694206006,0.05920232053083185,1.8890366937774743,0.3548427925077815,0.75643236611448,-0.23354899258796014,-0.5484489015511871,0.7149753860868401,1.6797995225162041,-1.3425347787368305,0.9693678541869108,-1.604956067669556,0.5893104200309223,-1.3943505308787325,0.04341088558472342,0.629290031334287,-0.5024782198808552,-0.8623438581278845,0.6542201245804881,0.5270677015690789,-0.561151537554942,-0.27727028100451095,-0.7924499567074299,2.0064211919282213,-0.7121866489121038",3
8,"-1.0345328153892215,-0.19080604865544884,0.9216182794456159,0.7722860726834763,-1.1224286460023072,0.8824497332733067,-2.1622213820591463,2.409756832012361,-0.14387519522850717,-0.8267092988959077,-2.123186468111997,1.3550051376466454,-0.4167981158755797,0.6470278814371796,-0.38304738049373926,0.454240269039179,0.081339281442875,-0.6667273671531929,-0.25328346804041096,0.728582605441163,0.09022733758825205,-0.9403661849140998,-0.779088437857471,-0.4575568587876444,-0.8538312655874953,2.6336127488901586,0.2090671422645793,0.07493630922415961,-0.9751083163735922,-0.90959750650785,0.5430286648597449,2.087778531427647,0.3175642214898493,-0.6114239513806558,-0.010023644898952697,0.3261062526305434,-0.4601744360316253,-0.5987832098442356,1.7002291584069795,-0.5463441120167444,-0.2757807046229299,1.591309094115908,0.13947043257860953,-1.3857851214322854,0.18273118601137836,1.5174991573649108,-1.2179162152760195,0.0228488272441762,1.96294972394684,-0.44633845258012167,0.7446339814998422,-0.15563064061614412,1.2496531701180702,0.6779824544383147,-0.8494852936169259,0.34797624160004725,-0.5698312234410634,0.45078080349945426,0.13543926077730406,-1.4109487222919277,-0.17417330752853954,0.3596696305719685,-0.46302181225645694,-1.675938926546995,0.0705009261439971,-1.5758863278302324,-0.16127763438805987,-0.6889944974005288,-0.5023838870032659,-0.22241228710262378,0.7348055795261107,0.830540050876005,1.7928962232211876,0.6234410747068032,0.7388645365185076,-0.591041518212999,0.899098411394473,-1.1729367264621846,-0.36155144313640003,1.0831283322691394,1.0243324964682026,-0.9832962607846304,0.6693412544210137,-0.3653074259443322,-1.6781605459657238,-1.017994744044567,-0.1391134864895401,-1.0783240779759442,-0.2896499463397305,-1.958001926430272,-0.026148508936902327,0.3922302588426318,-0.044070104195890754,1.4784079275028557,1.7515663509192878,0.41668457300431316,-0.29359474954655224,0.30230920843425746,-1.3458316293158976,-1.2053065485566148,0.3985364691029856,0.19108755363571128,0.5958833869296583,0.9895184194336624,-0.8593481490014817,-0.7628738091906389,-1.2545046209633128,-0.6883696693984417,-0.34349523728464,1.6856462776741539,0.6088002763979782,-0.26115156481620705,1.1449587725303596,-0.9710886710710905,0.9802458326854672,0.5541910581500524,1.106960634952062,-0.02294841036204178,-0.5922144491109088,-0.1723379306146036,0.743858957485851,-0.2041658895736815,0.4613569098319159,-0.6918085821697894,2.791802477459374,-0.4379668313615543,0.8776455384594931,-0.0018560348127992627,1.5463269460168485,0.1866474812578561,0.9238618968696052,-0.6469541440546911,0.023886067550689415,-0.7074900579540288,1.369123797161412,0.021830266304960218,-0.2336936214154941,-0.12608746138064933,1.1176048519398543,-0.8195615375749096,0.5433649067661006,1.3208460504868371,-1.6718791487163573,-0.2374151374008377,-0.19531789327220608,-0.7321435921669974,-0.44696789019696526,1.1901609873491732,0.34745807993503486,-0.9499348272451315,-0.05331956448554686,-1.0998312768102856,-1.1795537710371964,-1.256503586077541,1.9010449633801336,-0.04923252837371411,0.08316941309662916,1.3941674802418558",3
9,"1.02679128648044,0.3820280213691185,1.6566558322699445,1.6019817067725426,0.0008652342377941489,1.5446477072716736,-0.29100564615881513,0.7047425244983007,-1.7127226233422772,0.29184592851239344,0.35053121354721284,0.5875426444339554,-1.9172593068095758,0.015759092425077236,-0.2078565424277637,0.07630543945653841,-0.5037253752276037,-0.5073780801287963,0.23033978902120977,0.4541296013372043,-0.7770845415686293,1.1019048095842996,-0.17274604944368294,0.03392484399757192,0.9543812383839178,0.8285131705760551,-1.0774450257607344,-1.0075754390871947,0.6351545685175861,-0.7103905459388774,-0.38922836391848675,-0.7608049188955545,-0.12860859397584432,-0.08465594255642082,-1.578925631106527,0.026707528064077946,-0.5073876696384365,-0.029352665541134932,2.2908342339436487,0.14731485573450245,0.9560471254410122,1.3767657140847003,-0.3122453850054613,0.315685483425217,0.6256513510304555,1.7778250933776574,-1.0658816227324286,-0.13328075872775774,-1.080404702486447,0.39438638302992707,0.19358484802812304,2.2560039191289114,-0.09051856383612097,-0.7715978313541423,-0.3203645961405471,0.6972775798392217,1.2883314285359482,1.3717593762930316,-2.9111540337920725,0.6369540194929937,-0.4175638393067404,1.0869498701331775,0.43510803976857265,0.2625306520635457,-0.6181979188004217,-0.6819223813537367,-0.4383028650239515,1.862768110200167,0.2057460574440305,0.20175870730797052,0.6134572906834228,-0.12069719193301899,-1.7150048632889143,0.2375937757766838,-0.08673251335726344,0.8455105851161967,0.33043298436270124,0.04916693887013647,1.2435206016617035,-0.44047852448718133,0.8427176118614184,-0.1633945541707937,0.7301941282714223,-0.28289357625889605,0.6187017798282038,1.9123252951762413,-1.8245677219937235,1.454866283532179,0.573264551496478,1.3124497954193766,1.6185353379746423,0.13648032943420327,0.6910326320210876,1.4294771041856706,0.12128246825516566,0.2108483859925389,1.3470498912808937,-1.9516577094975984,-1.8275569170135015,-0.8820408865948047,-1.068650197338526,1.8180443896633631,0.796128613540057,-1.1992350448508144,0.48830390394568285,-1.3459948622293458,-0.6585981018773024,0.9978585471295803,0.25900195152251404,0.54692087243295,-2.0615958293470045,0.3956018481277884,-0.2880552352194316,0.09761205698831539,0.7383433159004433,-0.4980776190578208,0.7985263472922554,2.018529526519558,-0.36848730728736445,0.8212770515125739,0.45877089021593853,0.4136617232557395,0.4930925381649253,1.0283912005763896,-0.4191896646517061,-1.1441971254407042,-0.6339442533223993,0.4523711798492191,-2.188782913092398,0.023230877258795066,0.9615732266898019,0.06452026743115363,-0.5169468716189238,1.2385662039032888,0.9672804389609377,-0.7613951561607784,-0.16042478776478966,-0.423056557153339,-0.2534607155168703,-1.5940809728065313,0.23290846754414993,1.247369987305206,-0.9834509340458335,-0.9839811881745489,1.2062516276501525,-0.5212234175180049,-0.2837386931001859,-0.9873081350768604,-0.5177489198432936,1.5388357727282147,1.7209322905738602,-0.37907709958984626,0.7069897361778207,0.41780623813756995,0.4185516662953662,-1.0508347052785099,-0.22039159239065834,-0.29563265959002155",2
10,"-1.120252858002805,-0.9170815820317562,0.4183609594442409,-1.4269226518097975,-0.9520692640439304,0.3613331549339063,-0.12109939011656018,0.22887157238239497,1.5168326673891677,-0.3659781753741901,0.6973654741811581,-1.2580432437293227,-2.2719893419108543,0.6173921638366756,-2.106039285708601,0.39868948424728773,1.2250605928857385,0.8629046876916111,0.307667736223588,0.5707648555975284,-0.8495542844870592,0.9465373185102448,-1.1716854749928702,0.38479794651608556,-0.04769887174178883,-1.1343156646552701,-0.26936554243060434,-1.237018086303447,-1.6344079089103627,0.16540425745573176,1.231188233911352,1.214920983626217,-0.5907280325533015,1.448607586294638,-0.28245916651507313,0.6791858995897609,0.20587120888421045,-0.7835368010449839,-0.0712022177358933,0.5658904632954572,0.24326898410015393,-0.7400057635115074,0.6870045033977723,0.4018012346252811,0.675098542015276,0.877386079891898,-0.5669765584160217,-0.10923532115318298,0.7202628701774005,1.7169103700626611,0.48311445025468597,1.3312355475007267,1.2233327890994665,0.1465858907985721,-0.42465378431436546,-0.1254517842883517,-0.20252806791546865,0.15368963887461004,0.903577710197343,-1.1091785654488255,1.5939735541994866,0.5751313146505448,-0.3386394209469915,0.6760426078699112,1.5673316342485568,1.0529663157972762,0.6000896809480855,-0.9439669125335708,-0.5651610422123172,-1.6513480407593166,-0.30754477567084487,-1.582637543879443,1.6941588838414294,-1.7366889007575836,-1.275863851902948,-0.9656745466528285,-0.5180249939730533,0.36263347089450115,1.5914896891821353,-0.22472945485224782,0.5672893107962453,1.092424945261665,-0.11135464961618122,-0.49677124086858626,-1.4153525058181304,-0.37548139936037067,-0.9315784704820859,1.055360161814885,1.4524479240398505,0.2970944608613717,-1.520810575471531,-0.34067930978419336,0.8045795980866994,-1.6595870783605966,-0.1182207690882764,-1.203744167518762,0.7440728687766454,-1.2789461152177386,0.9231598520120121,2.0638409463809886,1.918626271790825,-0.08215703870358378,1.0358202167718282,0.35459034004274786,0.9992400418238406,-0.10595347879428463,0.2128775691634736,0.7392404218900492,1.7080249491555397,-0.15712925196383085,0.03851890457150142,0.16501339898314532,0.2069483314462524,0.14657165100807595,-0.6036250631864766,-0.687424140280536,0.22673491582486238,0.9720297505368064,-0.9426439396830836,-1.4288767743630915,0.7262402614517353,1.3132812056020622,-0.6213289579689082,0.7661341974194127,0.9274522064307434,1.188165722802699,-1.103427753245859,-1.3275063735014878,1.6838927717274002,-0.9490158128008621,0.4446862406854997,1.5679076062634123,-0.19596746302783818,0.6141739212999198,1.8560478532601992,-0.20198005882214473,1.1627183428921715,-0.08512724239189264,-2.3295465717978714,-1.7438308959797841,0.1571728206006345,1.2405863685190122,0.9534728736407013,1.479862664141808,0.4527552682281169,1.4910737493283575,0.43283616566246325,0.4567533407740673,-1.6457432501624167,-0.822608324280128,-0.5202990186920825,-0.15553240514486658,0.3744823733585815,-0.779634458182385,-0.4453263829759098,-0.20074763233637422,-1.0980471546265271,-0.34411106851938833",0
11,"-0.7004620285546794,1.4662271369754254,-0.5003179267416575,0.26525265196908737,-0.27939863636037415,-0.373946452269519,-0.8811476657829271,-2.471816584089888,-1.5309412624697765,-0.8593193497504924,2.0732048667760377,-0.5379471739824749,-1.9745231537114558,1.764867489716568,1.3297207760937648,-1.0247109455277434,-0.547947056483982,-1.1935197411493106,-0.24676105242302906,-0.33597453748354167,0.6995316802460312,-1.4042122132444572,-1.330152439752183,-1.5526838902830797,-0.6068549627567715,-1.4270731264653254,0.09942333520632504,-0.40492103260950685,1.1679242648904016,1.1370287477542123,0.816362865606516,0.3389500559102736,2.511487110474703,0.23063744631832211,0.013530530077975287,0.33684350125653756,0.9686770910996925,-0.7049275007112809,0.04561006043893152,0.7768747655936699,-0.9152298599042078,0.8615247820854235,0.5069104795859342,0.773936761366736,-0.5106839375496908,-1.8336310510651739,-1.2560321870849287,0.022126571043332675,-0.1535972422571742,0.35604121542533196,0.548062255052052,0.472983931459177,0.8072720233021576,0.9252316913165061,0.7792981344851159,0.9491062177634947,-0.40767569897087036,0.08437757435861136,-0.5811497314456137,-0.9807517530582117,-0.7887425708118087,0.4706125831514703,-0.9761958060127354,-2.3279607420456654,0.26277665163833985,-0.23709140247535193,0.3542405734726606,-1.031888932408966,-0.0009636804855877189,0.7208943700632582,0.476985953745078,0.20987793868505927,-2.514440464675395,-0.6634923146573971,-1.0800106037525083,1.3664651904115193,0.7967988504814169,0.1772832874760045,-0.10149409550771635,0.017179334808529872,0.4189173040228591,-0.3885122110100105,-0.6507131941946863,-0.4845633668066669,0.09338703769129994,-0.8695663774435516,0.811181668780393,0.6461240645531103,-0.9269544739346083,-0.6326207716469665,0.14097969375594152,-0.5218509628589948,-1.8279351164750288,0.9474498573775335,0.42801125419325564,-1.6870238951214034,-0.41073726531697363,0.6022832518406808,-0.9047674237609112,1.3155376433585124,-0.3713864230014222,-1.231641013983309,0.6998850721097264,0.07269089273662774,-0.21888222042723623,-0.7412990082668737,1.889816067076622,-1.918979209780461,1.2949873021153386,0.5762897828997308,-1.10452081008368,-0.815972405437614,-0.24868257745447053,0.951702442717683,0.3300521462479055,-1.8559734035807136,0.17465281343428957,0.12662585111272637,-0.9830708485836088,0.45035021107094153,0.5904685601160554,0.08153374187249177,0.3432529363428701,-1.0610127652563655,-0.0792717757134764,-0.11222701427285987,0.9306102825133759,-1.0165913316791306,0.7815851013408548,1.72189671389787,-1.0901991991407463,-1.7039838192952164,-0.49439846150796796,0.8446055059547428,-1.866659069144876,-0.7876779711774726,-0.35621699469330653,-1.3836617136349394,0.18015813487284688,0.5901365912828782,-0.5856526046046758,0.08212463849999357,0.8408423572772924,-0.6700874852562336,0.29161886798129244,2.1274759387199524,0.41368687748682215,-1.334305674524444,0.35368550921121433,-0.8364423314866055,-0.7569313708833768,0.4412104139784611,-0.424447526264773,0.520909020962649,-0.3460796703633897,-0.973745536504851,-1.1716232774413817,-1.3023436955799836",0
12,"-0.7721228355080333,-0.6002394288817949,-0.7548240043232435,0.3375606057463208,-0.524204080883865,-0.33912508287653814,-2.5460680160525127,-0.4362283328885486,-0.15424985205844505,-0.07045778035192367,-0.2914116786565437,0.23017059200067658,0.6526803236269978,0.11078091554443059,0.017293457287228496,1.4392831289503836,1.4603672345368746,-1.4602730588522033,-1.2278955140697427,-0.26233503457247875,0.2946064165037289,-0.9363396288227853,-1.4746115649293636,0.5323066212919662,-0.9605926557130025,1.014513692648309,0.5972813375689806,-0.5644278510646024,0.5300204729752028,-1.058122978101609,-0.12073374305561799,-0.9854043372777167,1.314362799049627,-2.2625362417371937,0.5322283764250262,0.2342226958549215,-0.4619644785135602,-1.0619315902820676,-0.1131340906189429,0.8382207382365672,0.9539393565470831,0.16170150835773991,0.12463714082526252,0.12584324410465397,-1.1928857505651016,-0.07605023379837778,0.1583922163690481,0.5676776276194755,0.8749644001307327,0.25344134027812043,-0.1832069827206491,0.6641652840200875,-1.8834123819562563,-0.7665990061890643,-0.5594215985325643,1.461032348151688,1.207087595700744,-0.07774653626259302,-2.1853808545974394,-0.4165545454274242,-0.20257623299771382,-0.0687315124742422,1.8903193102640148,0.06996365454150387,-1.0678078901117338,-1.1521238356604606,0.6244536094951973,1.0157186510338416,0.7495358809887126,2.8474522508911426,0.13406998722205404,0.6842862801808071,0.48649883352106527,-1.2872021762221213,1.3031927520142774,0.1723966384534894,-0.4200624359381781,0.9639959870238717,-1.2291975102365005,1.445991940244061,-0.7640183663245348,-1.5866584991699872,1.4429513943729242,0.22762327336146185,-0.23477795055221426,0.7658232958323902,-0.3148816588256212,-0.2186002102214226,-1.5291667152675463,0.2994962584663409,0.5438298593948477,-1.3162946581398671,-0.15476610471704083,-0.33197655345370425,1.1670528507885702,-1.1994523288814694,1.0848469513234487,-0.15682576597210982,-1.0055803487191342,0.45310440086182985,-1.2639572712225182,-1.2295537142744966,-0.2234897591713547,-1.6504382270646751,0.5037241442077045,1.6186050028978078,-1.1399329930666766,0.23460679417615798,0.1591653079472804,0.4108566688801938,0.030380285050034355,-1.9499585426574777,-0.32310231058366196,0.37068203563274366,-1.8456698726980811,0.3118909296410617,-1.8828258255423183,0.6859922903510224,-0.3377599872567082,-0.3343976531595357,1.0606401184270067,-0.5631189650941826,0.11153565713986001,-1.1861410519729902,-1.0071034855842529,-2.348545631854224,-0.36482727799300263,-0.05921372213038496,0.49932202882295734,-1.2024166841090853,-0.7408488561328678,0.7699033577596552,0.4776113707177641,0.5690141307723712,-0.9441414556342511,-0.041613448545400285,0.12959866167481768,-0.6469834303717183,-0.1257486865700257,0.48493287546762076,0.8174380698218685,0.3596965219657183,1.8356162485220628,1.1341876226446472,-0.8210549292250137,-0.22301123419973193,-0.04745064821050516,-0.9256917059316053,-0.5243427295733356,-0.007924176979922318,0.696698450529202,0.30667170136565536,-1.8721704869570839,0.5684963225385072,0.006885699122326993,-0.5936051235479151,1.5205825628879808,-0.9697028979546081",3
13,"-0.04208932513798181,1.3848095940386702,-0.03167152842389212,0.43659144271422884,0.9656414460067118,1.042674774832598,-0.020182865286092613,-0.7784911742935402,-1.0775233970108757,1.4049047521867113,-1.4254311747553716,0.856175979884644,0.45083251449306816,0.14872039890682445,-1.3707740381683948,-0.746959471377872,0.3573213051237492,0.5048651537949931,0.33264618266825025,0.3687932568274975,1.9763162735304867,-0.5000489423759019,1.3090090291268637,1.393555644129943,-1.243330468159289,-1.4139244027544178,0.12502103223541516,-1.010963597750466,0.6626083711188121,-1.4884561727743293,-0.04775920053293745,-0.0526882878002545,0.6786497060744965,0.5151251788429903,-0.35409216684721756,-1.7645939805509765,0.3930631354378157,0.20568543307094705,-1.1115678174785502,0.5308076968481812,-0.7167201960694001,-1.310230439457014,-0.28120589657367306,0.6533951309395537,1.7311240257713463,-1.118433948156815,1.5126031108219793,-0.07997686532621336,0.1812643074021031,0.5352037366980954,-0.36378066900219863,-0.3922840788000116,-0.37153359265037783,0.459050605994343,-0.3045434912776998,-0.5688657783304316,-0.10336311818916082,-0.8795094189994441,-2.492277210646136,-1.3906887136476553,-1.589243687117871,0.13449955928434487,-0.390457713079849,1.4840008822244315,0.08535574087717819,-0.17812127952148268,-0.24732083449601708,-0.42763644060303885,0.5611408672542115,-1.2394446877061975,-0.06660423717573405,0.43328729911761515,0.3975801418877053,2.196118334942082,0.19638608125812207,-0.4220637760563302,-0.6173051574457032,-0.5305305826818963,-0.09473136075062416,1.1923288942329215,-0.6825118975408935,1.5766803210304352,-1.4127932728362953,0.32584817163902924,1.0354520407286205,0.10812685611789943,0.8233568588539837,-1.836657377503341,0.38596652557826094,-0.060815736327630196,-0.0946388247862112,-1.7087460177212366,1.3370151504477277,1.0184445196907264,0.5143128894342557,-0.7785321467752965,1.0847699972631326,-0.7920622269455451,-2.277354286331131,1.1448999483159763,-0.027231333301494652,0.46941763248472235,1.582035478040248,2.5300644603282474,-1.596877270858649,0.447246494318091,-0.5380762910607539,-0.5550881753693713,1.7830635041027565,-2.6625200717321467,-0.9776543488253684,-0.500481341445648,0.6105926116054845,1.2869595632415958,-0.677785731122671,-0.7533106416266562,0.5695966034062906,-1.906795241959568,-1.0923513082835687,-0.20597634077444188,0.2583956932627411,0.8334142553235495,-0.9084551629097514,0.19877343036175485,-0.6365443894010064,-0.7687897002338246,-0.7406290024567039,-0.2973158255916101,0.7027014472702785,-0.07667379826602429,0.17311404247436324,0.7047551499242377,-0.6176245387729932,0.10680561458078039,-0.49483096683958994,1.7936512509753921,-0.6205486099652899,-1.0109613904348604,0.21790647241653568,-0.7293767058238129,-0.6936081813581609,-0.16721207436624982,0.3979291729284412,1.008417252582746,1.1762891961536892,0.6395425746257061,-2.565512441407333,-0.1407972274989233,-1.4286037468863633,0.9083746128125605,-0.18812284064423931,1.3135431159225763,0.5092030345549622,-0.5498026847783201,0.22373459602552623,3.002866715878202,0.6995642684467059,-0.013751336448562367",2
14,"1.5775059652354835,-2.371076724041913,0.8705747116350475,-1.6561613266734785,0.4612062274999827,0.5931831891275351,-2.0061751447401073,-0.6334550332714061,0.5267372297408676,0.0900212920294612,-0.7439622011741776,0.005532350610314858,0.15390388072488603,-0.1052419133110752,0.7403566679086876,-1.516369145000346,-0.4770543203440494,0.24181443808363798,-0.76621789492498,-0.07320128197722343,-1.401857293589823,-0.263082290517816,-0.7373880110362668,0.4472627207601164,-0.4259009159347338,0.7055497803431806,2.8882836019545843,-0.6621999078285139,-0.24413832257158896,0.901963637681493,-0.7204424796865986,-0.01934595667522857,-0.7200857396965386,-0.18470940037199085,0.3208231452037221,1.4363918470706605,-0.046088598651356526,-0.04781288769143859,-0.666615697777551,-1.1940216434645972,0.6893161409075139,-0.3918706536658782,1.1063858563550792,-2.789588915652653,-0.23506004593471064,0.22114120031487453,1.523099318185294,-1.4107922155773835,-1.4205441294021286,0.7541303112510565,0.04848540171456879,1.8246691759963651,0.2041307537423893,-0.5448142799456593,0.8530667456298627,1.2673400071244572,-0.18181121897072314,-0.41930018351998016,0.18324975847169742,1.8846152503911893,0.6276471218555678,-1.230024684300224,-0.1472929512328953,0.7371475687107666,0.5199339594620103,0.6555289418003319,-0.7250046546365638,-0.9792229596515207,0.48393362670045836,0.7940141880028089,0.3036210432402071,-0.27031234975197754,-0.6012425149737106,0.6162532374941802,-0.15157266260155003,-0.3693381632011132,1.671668661250733,-0.6933476297087334,0.45850934150726935,-1.0117150764364247,-0.18117952817573996,-0.03155720690041472,2.767504789688045,-0.5266437070496366,0.4628459975026839,0.13923982490300305,0.7392409647374706,-0.349544199108064,0.98088319073198,-0.19774618112932474,-0.41018746500092945,1.1010817173969363,0.02697581077854251,1.2475317068091374,-0.009050161168115786,1.4162990791386705,0.9066485933365811,1.00316164965227,-1.6889208858746159,-0.9999743690973933,0.5267396575782205,-2.020798354408446,-0.15045430446844948,-0.636035228932873,-0.34760787566919743,1.8063774950449736,1.2852965711224351,1.0947275045207776,-0.4762528735059833,-1.0319102778682137,-0.17805208388108856,-0.43962419820251675,-0.9951135477096665,0.3300716757814198,-0.11966557403821446,1.2234811872913591,-0.45545878791409483,0.9207421503105269,-0.3548678896104497,-1.932556661069619,0.34777540935057794,0.9903891944743998,1.1553379654096332,-0.857702988564952,1.2423713219316084,-0.3387195243394038,-0.5192821838249176,1.0635398390672641,0.9051142041859339,0.5238514685376148,-1.6622463481805205,-0.51318875934473,-1.4615034431816287,-1.0614729195022554,-1.1345961303279033,-0.33019464586604996,-1.145411344860768,-0.45569605114622835,-1.3233753385092835,-0.9821713130428972,0.8128214620717185,1.0175492637416517,-1.1678935300555642,1.2364230964805845,0.9865275367651912,-0.7020738653871229,0.4481012432777546,0.30089276538971493,1.1547068353934722,-0.9333703056086643,-0.5846577603418073,0.3890331009071396,0.8316619380095436,-0.9852747339026912,1.512419100763191,1.460442485907976,2.038867302220227,0.47486128396380906",1
15,"0.14013567910916594,-0.6181406070402247,0.7285179178484554,-0.06837184503907491,0.8745675253265128,-0.44410309977874723,0.02300513923801764,0.25500071418159936,0.42825642124112,-1.3592988469665337,-0.06915808966801641,-0.27180563251100853,0.5701214049055038,0.3278399394620483,-0.8022394323562049,-0.680985846936586,0.8236870094539543,-0.07550089126888311,1.2156347877395395,-0.13121257616638027,0.7183329955236188,-0.9733259156791598,-1.3369301223524086,1.033493960403222,-0.972937425128696,0.21023091340594635,-0.11921717510140793,-0.5969233822398643,-1.4222360632515734,-1.5737292501622329,0.6757256126569179,0.5038598534018542,1.0112506641310919,0.5497370474673604,1.0040163964105528,-0.3173847042908752,-1.370606991083093,-1.7251920438985915,-1.6155841595724858,0.6019717427815964,-0.6509540483109649,1.2421223442474487,0.35798540186278593,-1.3518488343536281,-0.0837459188357908,0.21046617774840953,0.29034920794315167,0.8699656239204286,-0.2755426131775638,0.03444797017137481,-0.1736572421414544,-0.23406169053110815,1.5709606650065702,0.030034235858421552,-0.36100176955817237,-0.9909521344102314,0.874754086508547,1.1537483327397988,-1.4217848203111578,-1.1931086020615638,0.043812190358382165,0.44527924341708575,-0.8129734437639157,1.3518511949033638,0.15218150493412336,-0.9490196764978792,-1.0996654755742856,0.7545992456529838,-0.9103099345322473,0.3543632531944027,0.2939000489194934,0.018675170818903655,0.26583508970677616,-0.9786494097167238,-0.784969142998258,-0.4954549510514202,0.9828314351198212,-0.7702346291652354,-0.44029933653822984,0.4538070581496082,0.10274532497676876,-2.032873512780965,-0.3265301023014114,-0.5700798905060691,-0.23360788640969218,0.8063807138994397,0.2760648721818752,0.48934994083383804,1.7246892831953335,0.3335754120235118,0.9416198964489653,1.404291190378462,-0.5437921200962766,0.6774637869129286,-1.4385271338864227,-1.130750746419868,-0.21337028141444253,1.566797348653721,0.05724566535435875,-0.1297561466178924,0.1216341432380333,0.37672125788918287,-0.37168530223733737,1.6747428068296186,0.30230529124981476,0.39211728492894476,1.5739566914989997,-0.2946329420300704,0.7286723446127211,1.1372297064635215,-0.5199967885260406,0.08253557030070002,0.2702226724454846,0.14721611562932968,0.22604822211544748,0.10498153206864039,1.183414822832867,0.8411647542454279,-1.1372642908582689,0.2852419483577761,-1.3963777405621522,-1.4113028744239051,1.2247255156466939,0.42672362519685314,0.2797119645061957,-0.6181601670476117,-1.7378258323893898,0.15760934695435908,1.3892077129084535,0.6105668389514758,-0.6682507368207034,0.44791983302283456,-0.7457748230629485,1.151563112741001,-0.09674137288149831,0.7340603320381289,-0.7300648125716728,1.7279700646934264,0.0482120412795191,-0.4510765062786412,0.8633063186767587,-1.0558101792535375,-1.8496854645304508,-0.40173172026775583,0.08299282521840899,-2.3277875442099942,-0.8328128021629022,1.7906966419152266,0.3822795902254977,1.3202473276395483,-0.14186132189615971,-0.45291045016279685,-1.023523960216232,-1.0254160271889106,-0.39005163362335543,1.2821401266504013,0.7680200465525604,0.40163690409823277",0
16,"-0.17301937917331775,-0.8667953212280294,0.7945930142155524,1.4059165019016677,-0.348727018186898,-0.6833513895512237,-0.15744267088863032,0.6142195620750869,-0.5810870753561784,-0.5638215640956603,-0.7216895875479634,1.091754677945779,-0.9894654094562545,2.2380121523739587,-0.0837236760067034,0.8285184116996741,-0.520479736542416,0.10998596585479054,0.28735140825713557,-2.249401338735571,0.6378120948341086,1.3145338134024642,1.211636600474187,0.5411631775392272,0.5985896992737404,-0.5936738601358372,0.17432152620038616,0.7149030102037494,0.13534565054755268,-1.284493359247835,-0.13071513120657657,0.43063819749354004,1.0978357279646245,0.6729250647674919,0.8244299975534143,-0.2039220350045769,1.7350118137360035,-0.9234164797871551,0.9370725804606961,-0.17462994770551213,1.030503492955838,-0.7354196742907199,0.559016852755502,0.02927000080412217,0.21890838768746387,1.2573432219280598,1.3077726971215484,0.1316411505833894,0.308231703505589,0.3849469580938901,0.2979408212265096,-0.8113237799613149,-0.13288588888565017,0.6525079821751334,1.567661660877505,0.5320683357191344,0.6692306414232443,-0.05036936609922616,0.6608798178287165,-1.2070409853080744,-0.4000237796847675,-0.16054006910667837,1.3703105362488226,0.003393487104166861,0.2210759266325912,-1.7991299675986578,0.45750976518611725,-0.5606410502729964,-1.0228480852377915,1.5918999830926372,-0.2788349314133391,2.1215870324239336,0.036570025681324406,0.43928464199147554,2.267294199047232,-0.13450208059855878,-1.0160470564211892,1.9928055269507405,-0.5030802089660587,1.2770819408194356,1.2770135137229102,-1.2900758258717033,2.0296624841712703,-0.8009449248086304,0.4109843817696237,-0.40407731120437973,0.8027467873958551,1.0656835359766161,0.2096213607599117,0.30726598848254594,0.07225173949884267,0.3732432905979635,1.808088235693723,1.8009485784886436,0.4167789072869136,-0.09493410763003696,0.5892804667732001,0.7575739210995996,1.1025076164269136,0.6912781055407854,-0.19846424426651058,0.2554205007439774,0.10134424441696471,0.15817968242729963,-0.660487745119586,-1.7499286111333554,-0.07841638786525953,1.9125644699995683,-0.1110488630261203,-3.715022262073678,-0.11619110883654396,-0.25170556016181994,1.3209568075603895,-0.3532765281181148,0.5025219283040585,-0.5708469074134606,0.3446540431794856,-0.2404832887075693,0.7226937120089681,-0.1098744867935042,-0.41382549209516095,0.705565691615016,-0.1752071252976302,2.3701511902931176,-0.1036410034706972,-0.004884751519752042,-1.3228258254447829,0.18175026632001684,-1.2437288272744447,0.32623213629414577,2.295679210125912,-1.5602335644870566,-2.597191867404153,0.05530604500509286,0.39169992410772714,-0.8765342645445742,0.6786688325454145,-0.4182804466731895,1.0580273972984695,0.07841575344513557,1.6395904316880556,2.486005106332795,0.0025732276711120917,-0.14842993256512532,1.5246226603667667,-1.4270993281619782,-0.06306933514316918,-1.2743896835364077,2.3509382773303096,-0.3033853605161584,-0.37073350405564653,0.7971644983119327,0.41945152877537356,-0.5825170662512023,-1.5552514443598207,0.4951202517197649,-0.1916772835569986,0.2442519897919238",3
17,"-0.7471152718674428,0.39064072624570345,0.7379088812073724,0.7088976999543853,-0.15936281156630086,-0.9912817313637846,-0.22820444745550317,0.8502406918128266,0.4649401546623235,-0.3320943679201019,0.10801569286423342,0.6993930405285046,0.4062699238673338,0.6925052750126927,0.7415780798878047,-0.25593451238193016,0.8438219488092573,0.9302646708242669,-0.3731872397343556,-1.0159636518901076,-0.47671959501275857,0.021826586839776684,-0.23272631160347285,0.6590306461729362,0.44004767658903193,0.3079570422307372,-1.3255792342558477,0.39304589285605634,-0.046365789732469666,0.20447779664232157,-0.538847565328489,-0.836164987915562,-0.6559032645780922,-0.5950660233440463,-0.11460069458259954,-0.10546830834616612,-1.0218275027119945,-1.2592635670646972,-0.2385504211149479,-0.30567258527476304,-1.62365382943962,-1.6037505661834108,-0.7312105025597323,-1.4763709757409236,0.6166866142257845,-0.994154973834763,-0.2978187121819394,-0.4035059073387077,1.904706853949435,-0.02200698603995697,0.6620034611200015,0.426573669899007,2.4497007209757626,0.29092634982037174,0.1468598970441287,-2.233244585988612,-0.2583774746436806,0.2928026641938726,0.2287953742479943,-0.7887777995608412,0.9743849140078295,-1.5306964051218435,0.5621656700765751,0.6660904325226222,0.48341668374596614,-1.754990610088443,-0.017122155930968955,0.39924945365289266,-1.0317680795364197,-0.5984139001393274,1.0240421421175308,-0.12289653666633718,-0.6494323451337425,0.8120993873649024,2.6368230635954872,-1.497693003672593,0.7227251050747119,-1.1070174618204196,1.6324333927097174,-1.178748014026575,0.1093280799516949,-0.8040100462468122,1.0878624722448045,-0.5848270453646958,-0.7403738070813042,0.31560715113461185,-0.3001545356084302,0.22440415112178108,0.8266521058432439,-1.0707672367883685,-0.6807797952623506,-0.11488221081120027,-1.7218015815667749,-1.2107796963944621,0.3162068583165117,0.6658547258677789,-1.308674496441425,-1.448824633374893,-0.5303266843365436,0.7291615922166108,-0.7303998073271596,-1.340564444639016,0.44283280159800925,-1.4767579535665272,-0.7582941245344204,0.736550631632745,-0.116103789643389,0.530186190254798,-0.381436134205542,0.39782593357904283,-0.3202556801477799,-1.173303988655036,-0.5620917459696889,1.1018713722724003,-0.6488302451940994,-1.17685747637771,-0.11344095007054178,-0.4840632437182945,-0.17658685920115497,0.9036758647578941,-0.27097809296114866,-0.5461872729197801,1.799230554070173,1.140536344646117,1.3700924997446886,-1.2375412612771461,0.39111715741507286,0.7537179700311868,0.11313580485290954,0.2879464224362364,1.4946824111163959,-0.41885570691371227,0.2866944486099874,-1.0687317215036298,-0.8514029296410877,1.0560368510739913,2.1639345214542045,1.8747532138485783,-0.44490857664491573,0.04256061243587492,-0.3164825657233261,-1.5740004955792835,-1.7075091788191183,-0.2748372470273347,0.2323567003578406,-0.8326573753962739,0.08763536592184357,-0.8751757195959459,-2.2672055136979328,-0.279916171027425,-1.534826102044603,-2.3306372671637616,0.36555185394760403,0.3235063551996584,-0.4902644758126782,-0.6210358174202584,-2.0229044333274717,-1.3347780596089722",3
18,"-0.5789310632286484,-0.42307828578544454,1.4181923360049817,0.031196081405547322,-0.3298626388125259,-0.5004007030086413,0.21055245502919256,0.6964031453595335,0.4192962602506082,-0.48097526032420607,0.23880568198868815,-0.1729196214090525,0.041509830712810246,0.4638084693607574,-0.3896738462325479,-0.27771501690416067,0.6841693848297243,-0.9594767401490417,0.31189487910365304,0.8082257479580901,0.3719175654238698,-0.07274698924769188,1.1663264104838682,0.7737964778569512,1.9405749880044916,0.08450005421511787,2.2619678242920784,-2.139728739297668,0.26555558034132465,1.6027997753309364,-0.24889818289699883,0.8643659179302042,1.06975584781919,-1.8327980924317613,-1.1429875991564877,0.5459757535232195,-1.0605166788451568,-0.7942741659927128,0.1102745753353386,0.5169000177415256,0.1328808390337941,-0.6652039150405448,-2.2230507316077874,-0.112017935466183,1.616515377827579,2.1838350902394144,0.5719186574830003,-0.3048093179775162,0.15218490700499201,-1.1829292477143711,-1.7882231325454885,-0.5671425884504832,0.14863691976998766,0.7344484809034915,0.5270995781542827,-2.2367785064154972,-0.6269798594777104,-0.6133162954185201,0.7826809112630254,0.8949157421499645,-0.26949889727859844,0.8269627420418416,-1.2068853021983703,0.11007904901270356,0.573053944806222,0.983733465063872,-0.3058379089463652,-0.9811581159348562,1.1713559783311238,-1.1139382411102916,-0.054610059419022874,0.052490272824367655,-0.37916970208573947,-0.17572479382939635,-0.994863915174433,-0.20063924806478622,0.19079041268652241,-0.5049203640270832,-2.1298903394528317,0.9437796073023723,0.07844529580053274,-0.18614964708935855,0.8304190427817324,0.12325973386096717,2.321329512273878,-0.47002584289412436,0.01297842681488723,1.2226226202074457,-0.4769739849822441,0.6484718547482933,-0.04559225607678913,-0.39874410798885707,0.420400417929951,-0.02664259420368385,-0.02011265625549686,-0.9426467953734479,-0.5567435241956658,-0.09898055374318733,-0.5180748705637181,0.2552992591395097,-1.16516644894242,0.24412198846345787,-0.5442457590479617,-1.7626786110544224,-0.4865222242650844,-1.2101781333733235,-1.4518929843468182,0.8570076526049879,0.30238943415623426,-1.6922495904464665,-0.9328445403009673,-1.0286785269690075,-0.731070299969237,-1.5294195860977942,0.23328433056671843,-1.5340040038400686,0.7371597558391115,-1.1666943678320554,1.5253029096808712,-0.7204661087600371,0.173239043503216,0.28025808196661456,0.2588263474737974,1.1491046311127826,-0.39813033502802647,0.4142285476923092,0.6096564397676092,-1.048269411333754,-0.31550604489155526,0.6504536311864351,0.693121259873337,-0.2347726519078523,0.12471618237558033,-0.7847903205085667,-0.2511368638618496,-0.047689078823177355,0.3059615724735448,-0.16692978520360033,-1.4043642164747518,-1.6367954068844224,-0.5853440319565271,-0.4361313322112537,-0.39440157160409284,0.4017163104525221,-1.226633694879731,-0.7379880178702797,1.7979437174119952,-0.2655875388908848,0.42838971909404433,-0.1276137545509824,0.1251690140180149,0.8176890469840687,-1.1938765362455426,0.7877660377786277,0.6285902055886875,0.2578861058968508,-0.35663717993221833,-0.055611321527858915",0
19,"1.391253577427791,-1.3155338974701107,0.49032691636506837,-1.0344069692961586,-0.35850860176046606,-0.3865234438586677,-0.7438661769932801,-0.33658178142594025,0.6319695441023416,0.8194214794364331,-1.2445035047722637,0.9443626120557808,1.0950121918688713,-1.9302566968270374,-0.4861331428608965,0.31996932199116607,1.818190470105853,-1.4201593779241195,-0.03250136262020094,-1.489837887923656,0.7177645286193106,0.2586541883427414,-0.04953793936500563,-0.0918023472451653,-0.8247325924633837,0.5188893778905475,-0.5161780206685378,-0.8798182005450932,0.20290440697571807,0.28244201277134195,0.05660302296447829,1.0269510655408554,0.8922851552157282,-0.3286643158976815,-0.03162700132851826,0.1703027361861732,-1.3173068888073425,-0.10551342505542638,-0.0783248932467267,0.46127147183173955,0.2819174989606877,-2.1847264722228963,0.6658184526470257,-1.1256506684918315,1.1314029045178409,-0.4484693456132941,-1.6199379068590252,-0.42299422612966675,-1.0283005035791757,1.186555936347093,0.8708221758394469,-0.4501685012320144,-0.6804201507593596,-0.7054217462835195,-0.31843270795666123,-0.4930216961568678,-1.009788811618446,0.36560581133155373,0.3466062189668474,-0.678626067314479,0.061876698384700064,-0.06179146034214675,-1.332819048076532,1.0067252338369435,-0.777381273626818,-0.090679500970639,-0.11564665029501396,-0.08226927093139942,-0.6399844907029312,0.9213120176270568,0.8395321275771562,0.5302452980007821,-0.17473540787932093,0.5533765234327727,1.0142470309449134,0.038161521100356595,-0.13961994279593487,-0.20737714294859483,-0.519146245096493,1.8168936816605394,0.676211083905388,-0.30202947982674033,0.0446404370851903,-0.9649116229650888,0.31146227577475094,0.15167214557476785,-0.6747340464500265,1.1990070898388019,0.6068475098246053,-0.20769959852179004,-1.1935384625804975,-0.1209732099814622,1.0802032775000412,0.4646555812329852,1.7342101730275779,1.727448573735519,0.3830793737399288,2.0197089516942808,0.36450673977668496,-1.7664424946441675,0.5571247334009365,0.5226702459422804,-0.934055174356411,-0.8439291660705158,0.2946744268109501,1.0882569761277818,-0.9753248337529231,1.7312338887802263,0.6847399103544773,0.7591079328847544,0.17901461471414287,-0.9752280707523128,0.19628597181370724,0.04172288055059961,-0.36341509678636064,-0.8456709149517523,1.4786798836141286,-0.11096185720685929,1.1155469855327032,-0.24115741700458054,-1.0134272084393077,0.8606820984456247,-0.5336109534474658,-0.34096990174202396,-0.5606061344576627,1.6408712923042836,0.3485387373459394,-0.2834483136955827,-0.3923042576302308,0.13399617412091558,-0.647347285666147,0.9368730337759437,0.6466437453150274,1.4588105527782742,0.2423201934512614,-1.594325175942909,-0.08994777598160898,-0.7119072578580811,-0.8346689201547423,-0.4642591490134937,0.2778760509754569,-0.9768987990742556,-0.3751497332218808,-0.7363506521717442,-1.3710612666967787,-1.1537182036722404,1.1126917858349579,1.3946874659661463,0.20958105649507267,0.34624115556319673,-1.699356667082835,1.6650433309120538,-0.4914248397158779,-1.1982993203479186,-0.660134277406402,-1.5402141983890407,-1.0236174308640655,0.008703418129732458",3
20,"-0.6955734554739675,0.6071125951276686,0.32460638163201566,-3.4607574678077087,0.055277219345251025,0.6636636686054379,2.0961298944574738,-0.006732370554690197,-1.4388648478331847,0.6558131253024905,-1.134949330246783,0.7489075985433814,1.5671197864799766,0.6070193869835709,0.39659666426436846,1.9661060791207445,-2.01228903118442,0.4872019813357191,0.8502580780711784,0.6392440171385276,2.0506361896299925,2.4378480275723677,-1.6491803672905596,1.40168348963153,-1.6141220544211161,-1.3448111069041975,1.888471415960499,0.234491978005956,1.5690220802807904,0.5741543546912456,1.7232120969820188,-0.3551473868767927,0.6947316273994908,-3.073576993344316,0.9359787396697385,1.2347529561946051,1.9670522105893895,0.7667256041016441,-0.2827387285937111,0.4953072309562935,0.19928734042435114,-0.06661622595689608,0.2233569725978328,0.6236959714963086,0.39997121171749406,-1.9207867823215454,0.5312579141462054,-0.851174600833465,-0.28813368418193896,0.2908249491095084,0.31652892743248745,-0.20373447418644233,0.359083177563213,1.0851318581330591,0.8774297581488855,-0.49885716464016,-0.10302577883858216,0.6857747983010513,1.2951254187496681,-1.0343213303660566,0.9330894600389629,1.8078931704922439,1.4480914042124615,0.828085264836252,0.20530850262977562,0.3308446375757605,-1.2141859426321229,0.0340898421659232,0.3951777937718714,-0.8797216048353947,-0.36530873373267364,-0.34350363651514054,0.7218149262724137,-0.8007145514005001,0.07198544072166838,1.2021203524956179,1.0745916356666319,-0.8141061343897281,-0.89166203427648,1.097952017745823,0.2692243026655603,-0.4230727516535877,0.4076990051917207,-0.18027749724176603,0.5321681533013699,-1.3818260827277733,1.2524236813773686,0.061012214782190176,-1.1421531186058378,1.7974690563618787,-0.09319984848301566,-1.1299062428825424,-0.8287295358860312,-1.235523209341612,-0.6117147992526202,0.5605610017137965,0.46105758854163015,1.0845608914430827,-0.2672135377121249,0.6194620508833661,0.6021049692733912,-0.9687347656736761,-1.3545137174373063,-1.3945183425811936,0.9047873733590992,0.9333935149799071,0.2733920573470684,-2.246397093047289,-0.278446708339562,0.0331252041751433,0.4389756572081167,-0.8693342410799815,0.044491335022970584,-0.7736147451610546,0.393122843137497,-0.9356033004469784,0.7940904041014205,-1.9444547112500123,-0.9458210005181193,0.8906472437511097,0.26294952482008854,0.8135900451275063,-0.7666579096502639,2.319144400851618,-0.15472855919369013,-0.09334028776206409,0.2018006859798384,-0.26934641134319354,0.01915074127998683,-1.5311612574875921,0.5993233247252807,-0.6438076053688112,0.8080705014232783,0.677683652332109,0.21253463268204334,-2.3223898602616067,-1.1965024141073528,-0.19499517763155497,1.0137348375222808,-0.1963330634374876,-0.1367955275043969,-1.8687297038283504,-0.5619982769055593,-0.5781916527246335,0.5224859390710358,-1.3694605613258735,-0.34127040285625926,0.5317841938397719,-1.424314230887975,-0.15561835509320546,-0.7545506258365918,0.7179792704699046,0.23426466209989527,-0.9515432557478459,-0.8110887482749124,-0.679595701142605,-1.4563995488106696,0.16039859510316157",2
21,"0.43662402762433794,-0.6310327004238945,2.0271988649769055,0.7820950288881114,1.0549857283374457,-1.305110265464531,-0.9836160181836477,0.1255224964661934,0.040314132245552144,0.7784163070625583,1.399356317958071,-0.08547370591547536,1.3162033040467642,-0.27304304293833975,-0.9071044774999277,-1.0922195538648687,-0.6998418821345433,-0.012248691065041794,0.05619754627562509,2.600750174011048,1.409072508470612,-1.1914330974206024,-0.12069098438601614,-0.10039070571428542,0.306009116117023,-1.8512766424680307,0.34702811646553894,0.8491049908595403,-1.6228900453844664,0.8035465851328976,0.3779423264278922,-0.28373713896018876,-0.7800124973736122,1.233377320329771,-0.4327068922903449,0.2518032905468779,0.7668503383414095,0.6891368659591374,0.006566509953946861,-0.8772477665067516,1.5019809776783701,2.51052858329627,0.17861575523517562,-0.9186281244695611,-2.4054198148776313,-2.0656380291683507,-0.635352880691241,0.4659164475893268,-1.0400781578228515,-0.491319786992417,-0.9395437715465439,0.5017821291812424,-1.5248955038969936,-0.5674022925334554,0.41381696501502335,0.6480792853433851,2.076180489853924,-0.19597818387226204,0.7349688404093039,-1.754754704998326,0.8911280479543487,-1.2032025507768904,-0.8923244449749641,-1.3533326133401427,-0.18414239675279578,-0.1845836805669259,-0.2833662603183858,0.819661916207726,-0.9523264262636866,0.07520380550752964,0.6750332259161383,1.8868513856090867,-0.11259657438834712,0.23032239941268332,0.044252321563179015,1.1953415152875042,0.3175892745221556,1.325829166785556,1.021782573797055,-0.5721561530778213,-1.7466323060256446,-1.970685932165361,1.087158298879473,0.02010998558620424,0.5278664256988669,0.765980624455075,1.061805988286673,1.4719243980614465,1.3596547234168936,-1.048601368163998,-0.5885576316645588,1.540191022146067,0.7164742282687281,1.1566125371045448,-0.4298538561387796,-1.05099088701092,1.989031821122355,2.5431245028838507,0.9874785058674046,-0.48136375742415477,0.8040188502715953,0.21116481384262986,0.03724228086266763,-0.810004304138649,-0.31820300655393075,-0.3164094254014269,0.12931668982431374,2.902395893958394,0.15279095100800758,1.0239185556618953,-1.1023178605683883,0.7952646996167131,0.12161799831977017,0.07674727008370616,0.4712710985079902,-1.168083087076237,0.6235579500508237,0.18241142070780073,2.222157129004349,-1.0213695855137428,-1.526355372341285,0.2804273797414947,-0.8181798002903987,-1.2383326691812016,-0.32044773578165175,0.8888237193154493,-0.18840790941209792,0.1940518915868151,-1.5207747325684176,0.48407175377062245,-1.340769818464197,0.9303831689097025,-2.0237305916051973,0.0938320120578783,0.7974317043571483,0.5567496230192701,1.3975064607388719,0.5340467534016786,0.1755348427583541,0.5473963339991826,-0.42825257394370647,0.8276713472356108,0.7289489069996813,1.5137964910413426,1.102146785243932,-0.556934324283669,-0.351089163556757,-0.7463173972206083,-2.734941769414039,1.592308939804918,0.8236469104983377,0.9773254077156379,-1.7701080225123593,0.23655459312461177,-0.6916220416242607,-0.5067949399594909,-0.27396755448276844,0.6984427878882118",1
22,"0.6616048158816609,-0.12577890629063715,-0.598620084808005,0.09772531858249246,-0.296458683680872,-1.6226392332010127,-0.3808163616891273,-1.2177407556136777,-0.5956328354095104,0.1242886497743943,0.3998427864444658,-1.752603615882958,-0.31025184744906287,0.09211284126584263,-2.4202273919422437,-1.9200767407917283,0.4805374213550286,-1.0073666705557696,-0.020581591811128,-0.06758711695364392,-1.6554346597821,0.1984071386005371,-1.2253076858907972,0.488882994484986,-0.14178333106972735,1.336916199977704,-0.8751520564153404,-2.2486912279671496,-0.35340174895021664,1.481111989966362,-1.4280431223707883,-0.18679169425176653,-0.786241340441842,0.6682278615760555,-1.9425140870730482,-0.2875035836421407,-0.825195817250716,-0.30810812805453125,0.21971814526767497,0.5710217366338188,-0.8851802253319172,-0.8671109822355889,-0.0986834557130199,-2.876118569643054,0.5403209920764096,0.08166499272671476,-0.10557961702374168,-0.5522533597010552,0.5723269098279621,-0.7653691327632741,0.2936440097212608,-0.6855611490429452,-0.6403187108381064,-0.14446073453660743,-0.36408364411261657,0.3901935624572163,0.05120488780329402,1.7298175610122837,0.6060456442385367,0.6176397986703243,-0.9962851181582273,0.6545013274381781,-0.8345895071052518,-0.04255867420799336,-0.5158971537743452,1.3917938722255003,-0.7327634504169185,-0.41323668094838856,-0.6265253352142968,-0.8387319812892706,-0.5792731262365421,0.350925037122833,-0.02459361595433603,-1.3460967744958607,-0.852259459233665,-1.3276726851078646,0.5194878133537888,-0.01997835408056752,-1.9413330509536366,-0.43877168382141946,-0.005324562180775684,-0.4676323535831109,-0.01535271387918058,-0.9465182606763919,0.8133164077930969,-0.47107345116905014,-0.847873515491355,-1.4125119646330395,0.013515206604527291,-1.3755022280968405,-2.42240134910549,0.4149085633029337,-0.12181189785088264,2.639570900792096,0.6516418869006652,1.192728150291675,0.6014852778463265,0.502594511521133,-1.023614846187156,-0.7676161212389517,0.8246880698888569,-0.28426900629882523,-1.3544195907274899,0.5417139553321952,-1.2233152436246137,0.34173332617812696,0.37187233475588377,1.0204860366311808,-0.9621162718402675,-0.2731584351009063,-0.1968901010942482,0.571711911262781,0.7226237601344309,-0.5930153036918812,-0.7636260474859007,0.22592505268735277,-1.7735269765726231,-0.41508513594928803,2.5119356290314796,-0.33716311013476896,1.0636307875179438,0.5769280800901189,-1.1789190310923723,0.9809642256418725,-0.8625357936126923,0.6897805411904113,-0.02628483138646614,2.124891949451402,-1.3382005816686304,-0.5304799828194408,-0.04571161067183672,-0.46408968655773836,-0.22103276682647202,-1.2569052579197557,0.5360036898386086,-0.6644999913258605,1.2839666891781196,-0.8905884536081856,0.9812758221672452,1.8377515672245057,-1.5527866485551913,-0.5467080250989851,-0.19750833063301157,-0.4330310062765317,0.5428164170680343,-0.9981028978543313,-0.0798546077249044,-0.14426947685276376,-0.09721039299479553,1.0576596659897723,0.8130307049411566,-0.11045632453343592,-0.14017291754318212,-0.31854938511511033,1.8936144147092302,0.7370554659746729,2.265561523638956,0.9440875996634549",3
23,"0.6622046924501088,-0.974659186185059,0.7401358595811788,-0.5416873641750524,1.786217339622965,1.1488200368703059,-0.64635020404702,-0.5391089308323911,-0.47195981832184875,1.3071972943516763,1.3337972748309261,1.2649940443994123,-1.866295247345376,-0.8041113718749177,-0.15361522321617324,-1.7037496120532516,-2.0950700790936834,-1.743904079810477,-0.3829858099859675,0.28264683939287083,0.12723344781524393,-0.020853941384656988,-1.2354782654004017,0.02965567947726591,0.0492697525025752,1.314485766103583,-0.31417441166033794,1.052875194550133,-1.3786195661895553,1.0110881443345519,0.27328938143293297,2.0319260169931073,-0.9513868921086738,-0.2365549738303902,-0.15036492027316853,-2.0805709350991677,0.12166738821418602,1.490419143772828,-0.6931112122860005,0.738349136077675,1.6714129105950442,-0.041816384487540915,-2.8497199639633575,1.233441341115523,-0.7888491726684786,0.12240710432392071,0.8361874455474784,-0.32832780094188324,1.0514574328488813,-0.8254368471686176,1.7220581634598557,-0.34172050521751307,0.7946573186386764,0.5560010837245273,0.9487464786311587,0.03254168618685529,-0.06135168132805076,-0.03439001270056925,1.209542569413423,2.048752290927771,-0.1697337302538181,0.769267128917,-0.4794859249175773,-1.4172186235980901,-1.6219581955734186,0.22700863428800155,-0.843504461936247,-0.34811520675608915,-0.6222550927686554,-0.9455329739125334,-0.38521217865067,0.2547303461387833,1.376876193818958,-0.26884863888525834,1.9360563814821359,-0.2037427214856412,1.2083011459092612,0.24038146789988446,1.5205800452256186,0.41884653765655433,-1.1003542180177297,-0.015386769148769195,-0.6947043016798958,1.526737964665302,-0.7637653462610245,-0.7306225336766249,-0.5234759786687769,1.2328703773378071,0.5657150123764453,1.0575150648393976,-0.5655275448993564,0.39399792871933953,-0.5052402952329135,-0.7892572541249371,-2.118863729463868,-0.34502853097800185,-0.017632242973835217,0.062349155485461404,0.849129902862184,1.5842307179219584,1.0838784641636572,-0.35983415047947864,1.377187819192487,-0.07415398232626857,0.515892053524307,-0.6376947772271504,0.5589278376845752,1.6602669563387251,0.4921474445544675,1.3373673398338901,-1.2234150257067442,0.6098098964096651,1.2844772350250175,-0.5196941603118441,0.2616930792301944,0.13894391982914708,1.0092571233088103,1.0696024733766887,1.2630191478565818,-1.2888727797367436,-1.1727492763914942,-2.1989314746823005,0.6596280121380269,-0.04424267652607456,-0.5339541669168898,-0.03643366104627067,0.4838158845337384,2.0360249174552814,-0.30947264421736936,0.04679939995316408,2.6795270218535956,0.4383887167859721,0.030078339994740997,-0.6372169741606961,-1.402395286497565,-1.1334758120163562,1.218198071929707,0.11120407412769084,-0.35651415586451685,0.5306513671947581,0.2528724777183019,1.1814716515817278,-0.9064895452664078,0.3612682642738646,-0.878711130675199,-0.7875467377241662,1.7571048388747887,0.18031570751898526,-1.0293190510495773,0.580366311395354,-1.841899091039317,-1.3730631602644772,-0.7259876741329785,1.9486340433084295,0.8790288823028597,-0.8857353182131021,1.0698476946332909,0.3796544437936714",3
24,"-1.1830944659997016,-0.8280842203799115,-1.780668199059967,-0.8223461825448146,-1.3485183301893648,-0.728288055072953,-0.9319544514741839,1.133649393386238,-0.34062206612894824,0.9050111530432141,-1.165696667009156,-0.8445978727225819,0.14593586646384732,0.5820553917522693,-0.5253855994951011,1.5206298586054134,-0.3422128003912817,-0.95899795956454,-1.6577319681063465,-0.2912762410844073,0.9093536687571325,1.3231198821626105,-0.8627906617971006,-0.5483489616382494,-0.3625277586802715,1.3147514314180908,0.9555666666130491,1.6749860761392976,0.14231237862943819,-0.486152525854121,1.0719223355862426,-1.1423485288437922,-0.03082893594597089,-0.6750612537321227,0.7886254403676152,-1.7871945549040995,1.2477035884510366,-0.8959392838813388,1.218320214182726,0.5896538341789705,1.5644363073084329,-1.2895649122515402,0.3794039484217989,0.4566650748308636,0.6115822626378062,0.33856034490980613,-2.5631794471972063,-0.7623365513771531,1.8232519543548518,1.390858181964631,-1.1993088229268558,-0.57965166412776,-1.3003281941653528,1.4595263935177993,0.1856905988637474,1.4594559412173032,0.723003904260657,-0.8069053415277547,0.4112350642332192,-0.6934964745304607,0.022400958076845997,-0.8959118927029364,-0.6194109240400613,-1.1201884318143975,-1.2059921414057198,-0.5823031307526526,-1.4973955865982203,0.8555663784486356,2.006168705724084,0.9764682022409061,-0.30809848730731154,-0.3775517346257597,-0.7161018418144393,0.9458931126898177,-0.3170650920414423,0.8294904023317757,0.06965940694202095,-0.32891586965220143,1.6671180552651705,0.9426226702076825,1.3505600779426286,-0.7139687291364224,1.6510718738434786,-0.32628717482137226,-0.34202788361570413,-0.18057009969086085,0.17793259620278054,-0.15099107054201702,-0.993759592561327,0.8317548538112743,-0.28985694491888364,0.018024114673400482,0.4480385283953378,0.4208739771095295,-0.27872147543400294,2.0966014415866456,-0.5360918449888394,0.36182993641353556,-0.980843823064617,-0.8431477792843676,-0.9879828443920672,0.20036254979854576,0.7427349321943937,0.6808729984688875,-0.7420891149008487,0.7399202953237218,-1.1100446510975415,-0.660497946952732,0.019170177235145337,-0.4160112809993213,0.4563948374041494,1.6229051821017784,-1.094201641284836,0.5828666176951557,0.4885181694866294,-0.8133129263514582,0.073021770983048,-0.6089046965357741,1.153660680601285,-0.10667258689009547,-0.06650313244651158,0.7719481962833802,0.017935179373579746,2.410794215943619,-0.14774050322950122,-0.6475327352597012,-0.18787851912722298,1.49506970853225,0.6446988862584159,-0.23997743801040997,2.0599606425961494,-0.24089205736912012,1.0314152932587255,-1.2927797105128263,-1.0970438559160678,1.024623471092785,0.37030897280996844,-0.6145260106890281,1.7834702429241591,-1.1918676208933472,2.362475156352543,2.065456883337513,0.36385896935610657,0.7170953089848818,0.3311246033488999,0.6341103397951684,-1.215905157167066,0.4786878296176181,0.9076215323598036,-0.4600803803033828,0.07265065351670955,0.5823463072787649,-0.22799401235691005,-0.18158456776766416,1.051230333369412,0.5025474493451435,0.11750657332884917,-0.300295464577404",0
25,"0.3994339400602662,0.603495136157548,-0.20223633767588298,0.7204884131999134,-0.05397179911740054,-0.47643175562531936,0.6633731140870601,-0.5637641433188808,2.4345693805457995,0.8013536054277588,-1.1821433324516515,0.43176098076796804,-0.44501053165585636,-0.1431946227586003,-0.22995481306886745,0.7020580856374103,1.008689200828708,0.9959637568334306,-1.029504192947466,-0.5017570343556873,0.6470216175069878,0.034363090776860256,-1.3362301527104532,0.3751336383673988,0.8241738820579033,-1.0228083013856433,0.0728028444066065,-0.6988727532415797,-0.3326144001312331,1.9072476100597868,-0.5697502019941938,-0.7440382468622144,0.304050134707971,-1.0022605109428464,0.07719751384137213,2.6680103738693637,-1.3732907116942346,-1.046882185945614,-0.15679971993406605,0.13544032820432708,-0.9226047877902327,1.5349970427503972,0.651210609123702,-0.26300066717635917,0.5128967731566839,-2.062715194955621,-1.0094034707126942,0.10736358655302673,0.8348470867397488,-1.0636551681431101,1.5334282387888707,0.18266022963156972,-0.03384982924773244,-0.6779506932744481,0.49247309931075883,-1.1652675949953621,0.8404965115347725,1.306411516824202,0.7367361085719976,-0.1521050487560872,0.5459820566594202,-0.06260977523026173,1.1094225810661065,0.7988962120533044,0.6387897383910613,1.1096042290374768,0.8873534446898376,-0.49208025556670465,1.1173124863317974,1.5758679861175398,1.4225595400162436,-0.09171919879148044,0.5655967181657701,-1.6357377384628473,-0.07265705777059353,-2.049305531385127,1.1704626821217277,0.9764798260382017,1.8174700191129882,-0.1465759012866016,0.3896911755981348,0.20956884904039166,0.6682054511440951,0.11761903584921835,-0.3044199119252008,-0.26634974908196984,-0.7224100195421502,0.1977764627153112,0.14782125409342498,-0.9224186726588676,-0.4575775475449278,0.20273343653458922,1.1961469105646376,0.3438487608510692,-1.3151779382914686,-1.4718143715610306,-0.5814837939531583,0.6988182909243006,-1.1999328872458026,-0.27053186491116804,1.2896434495347164,0.9350252114910388,-0.4310473758389992,-1.889208165499116,-0.4934156035834038,-0.8628632778023916,0.847988387691359,0.790208234334711,0.047361309673504395,-0.26479161965524023,-1.0589342751305169,-0.8525947926963823,-0.9920730580257406,0.9428044339789453,-0.773798929677573,0.1033677798887858,-0.33157895124776227,0.7301515255279036,0.2788886509495662,0.08071675556928201,0.4342146421562118,-0.16965521660891197,-1.2331070954840835,-0.7095125456057009,0.14745196362317192,0.9438597776218599,-1.7518684183185786,0.7395981553303802,0.9687223663099209,-2.1256664291817895,-1.9487062829067787,0.6770885349767509,-2.747551938226604,0.699502481534416,-0.11259564110484453,1.7587098241028962,1.3084808689229677,-0.7542317296108888,1.947672149528078,0.7995923471463949,-0.7512508321660077,1.2455801832551672,0.5034074918960971,0.771816694381975,-1.4856714195779839,-0.6304023564759462,-1.3152921858758058,0.5254990372371271,-0.5211724749676752,1.7884992503496486,-0.5358792562282411,-1.453710157978278,0.7625187460534573,-0.06719748883554084,1.4091771197670597,0.32725059245616056,0.2016000791404935,-0.19701194563652194",0
26,"0.5626004530189507,1.2036692439542465,0.7237926147441077,-2.2842058461947268,-1.263283884563152,0.7129089114141941,1.1715426463877507,1.108398233304194,-1.2965940813644694,-1.1335888266236192,-0.7904889790310502,-1.3518933616497786,-0.5252322431522765,-0.14795741436383297,0.057898592036934746,-0.9713823376820208,0.5610141261066304,-1.2912752619830614,1.4277480192658742,-0.7822399925377331,-0.25088195907368926,0.6520385037309574,-0.5492927435012724,0.27269389033300423,0.3762442836035655,-0.6205157074516879,0.3096507604563318,1.6286190572634134,-0.6459448839938333,0.3869726543593379,0.05580213391707427,-0.5999694430457562,-0.8272690033720992,-0.7337561024742318,-0.34602592223183704,0.6735949664470074,0.40266346122209046,-1.2130642711063386,-0.9362594426417133,-0.8209833342497336,-0.2512401364847157,0.8193104547853871,1.732059800145258,-0.5346177177994375,-0.6878145211405672,-0.88434429836457,0.1339152803253291,0.33277059716037855,-0.7275238519537617,0.44970688876977394,0.970739570884965,-0.4598224926366366,1.8601051425592818,-1.5410615799501635,-0.967698881560341,0.9045169171226167,-1.9794204804794773,-0.6359636137814886,-1.0109306278449484,-0.7021278636203137,-0.5998779746066794,0.7617591024731042,0.24290374872416387,0.8854772912412063,1.46248828723039,-1.9120338555403682,0.9664552561312071,-0.7338233641075066,-0.7950795851951794,-0.40353564204800074,-0.49337978747114725,-0.1421765682675749,-0.9744099203225376,1.2288244757457405,0.08466164733201786,0.8734849095009789,0.9573015279780215,0.28503218144064324,-0.7693979575607306,-0.6310367837333659,-0.078758635706419,-0.6233104734844945,-0.6974508547727248,-0.6390911052773912,0.6912307709800922,0.18756427949068338,0.3314776395716057,-1.150659840246905,0.8266419765742233,-0.15335214771795241,0.7937759336264092,0.31136564433264596,-0.2724264724111992,-0.2974062491797965,-1.0603216956836212,-0.5691892658135627,-0.25408883120620757,1.744159217785517,-0.38279214025912267,-0.7337199279462374,0.2792131440993366,-0.3303670434453585,-0.4481036614911089,-0.9122976548129715,-0.6098901845456596,0.9847786942682878,0.4351730568502531,-2.482511582789036,-2.01235333642224,0.5526758907033276,-1.5185371174570632,-0.20167697664578327,-1.1358095505045478,0.6416488715793048,0.49936356615090066,-0.5368931950340949,-1.2958252412169018,0.9169926377688219,0.8520273081675311,-0.7786215373340633,1.9858169793316955,-0.3760940226303733,0.053794024537476205,-0.15835233280563585,-0.0003677256591326617,0.04014223607061462,0.6224067448923493,1.2949736951787216,-0.1385233105219826,1.3049501172274147,0.37048753047484867,-1.1786128521151031,-0.25436059168446035,0.5139298866562826,0.8582080956900174,-0.253730658825359,0.36884600585584626,1.2636866541312326,1.4246187977719045,1.1325820633487977,0.7712606118542632,0.16903515145441933,-0.13798546242447673,0.6101554092798647,-0.20816677151157964,-1.218933074733586,-0.5005995408918135,0.2013688764893715,-0.38696801756495514,-0.6312034623663264,-0.18074079949015773,1.214449043197984,0.7179896432558583,1.0626620652796033,-1.4153774188338502,-1.711390237132448,1.8002441262521858,-1.1965959134894097",3
27,"0.5074988914855171,1.0575914251611545,-0.17346097905184032,-0.43367351505801927,-0.07263196848214559,-0.04606972977261443,0.9900271797473361,0.14783048352973327,1.0487543381893243,-0.16837833253763695,0.7329979564119306,-0.9051941715866534,-0.34402332348370385,-0.418051561496546,0.40505955097387114,0.44947889566630234,0.6776191676384452,0.5067196207051315,0.7354467958317799,0.33883385531625543,0.8318846354912937,-0.878827458740059,1.0026733762417352,-0.6713254720678914,-1.712201039481307,0.8072507552791138,2.7341373159743116,1.1654586825117066,-1.9651244280764197,-0.29961183035945194,0.4149414718176996,-0.4847899547896037,0.2733085565826642,0.1047248697123776,0.027368856321768848,-0.9884294619368202,1.0956233451753237,0.07767104072642657,1.0376966942150883,1.5246229702971574,-0.14455283510160344,0.1878197067109356,-0.4413172971912367,-0.16065162495026458,-0.6688535067642969,-0.9616198543046635,0.8647916718382984,-1.1503579252018978,0.46335838838716764,0.37441823781584793,-2.3743098491985397,-0.4210947760330652,1.298101362060979,-1.926137474789285,0.4459893257965381,-1.9144262125673313,-0.8095912139396114,1.1031667051784328,-0.5473759554733227,0.05764838056737546,0.3565731476217515,-0.30173913433455035,0.7508464578111868,-0.6098932195181119,1.3089048511194186,-2.42129212320124,0.8686548826740986,-1.4496104256070659,-0.015764151215535305,-1.0817759084380574,0.00909892206848453,1.3113047556593125,0.9378605810528975,-0.06884781021987636,1.2618029645540256,-0.1672484367927119,0.9326080114441753,-0.6128727232612318,0.17949903849993032,-0.057010018533294966,0.5106673989886445,0.2531381314599156,-0.9174331389774225,0.07148946572884898,0.1081701127816985,0.2179092765946069,-1.6858438848943755,-0.1394462734646322,-1.0045216367770724,-0.24637644924634047,-0.08257417807081434,-1.440002050676813,0.44668251122435315,-0.7635717844439047,-0.03657949141918155,-0.473864267260961,-1.3492868497200574,2.0120022067804673,-0.4329191684558473,2.0399911302559306,2.0954730212695916,-0.15690702776683707,0.2983579812987595,-0.932467553988177,0.37466460207290336,0.7097731620915793,0.23338430817769554,-0.6660079339902405,1.5250503075237591,-1.420172779770013,-0.641520396135883,-0.13320179678295366,0.6082564686681668,0.86450742074881,0.9996544932700362,-0.61405328151022,-2.3355496964183926,-0.9483327224181907,0.26403523701644965,-0.7085168173634832,-0.2959363130106579,0.04269740405561728,-0.3703798309474984,0.038826197315144986,-0.27633384940894656,1.6003077011025226,-0.4542121417077455,-0.29227451714165753,-2.554819529064996,0.8136829692555766,0.4556385933292379,-1.0475050916874378,0.06653920401951435,-0.5638999372973496,-0.12389761529667445,1.165932060278826,-0.13839082739073014,0.7131151004795225,1.5409939738314766,-0.8367181082363453,2.8032771206222598,-1.1863947345549486,-1.2000354081098457,0.008601285377986136,-1.076666057939181,3.188082993298202,0.30208406649823555,0.22267237404668025,1.5561808443712253,2.6692757403523797,-1.238675561283824,0.1790163851525721,-0.3504470880389313,-0.35827574458740247,1.412215701376561,-0.5727685902501203,-1.7098421321569623,0.7688962660947689",3
28,"0.15719757937241735,-0.8315254308271773,0.20166748795741907,-0.2635544418630147,-0.6103134683610729,-1.489091649325273,-0.3557656723075525,0.7487808177844633,0.11918909370208351,-2.0198654685109423,0.38217362294505,-0.5267541224994641,-0.706843785891711,0.4781211507035076,-1.0921302193717695,0.30240569550966845,2.1560641692347797,1.0730120364378601,-2.3680792681777274,0.2944486818330993,0.5796785030723034,0.5058930558054842,1.9541436705260635,0.03420510202026809,-1.3424954576532562,-0.781101500944749,1.1126173215088775,0.7435480807045733,-1.0198422640317961,-0.9481476403472531,-1.0658251647457684,1.517633677621067,-0.9581350984656556,-0.8004621926817282,-0.5600972490110774,1.947673824289429,0.28029788895425534,0.8904286302324824,-0.4100801111642766,-0.1278794336457275,0.7272296241180277,-0.4559570494192216,-0.3750772410101127,-0.8756989007001156,0.2216542723163933,-0.6941864086648409,-2.1411176397144036,-0.2599062850349626,0.16436650756188545,-0.012193186836036068,0.30802093822721616,0.9808868050702921,-0.8253900578778848,-0.500655582917815,1.6518190114448326,-0.336276854948873,-0.7996624518568137,0.7874904272952322,1.8087323970751044,-0.706819325773377,-0.6674646365550965,0.7786197180299694,-0.5947535969204422,0.3486604766136778,0.5581378330745315,-0.9142679916040315,-0.7133497626279517,-0.38355973377590685,-0.3350498045276833,0.25944650038484557,1.200501925181634,-0.11970316763956243,0.8520848942617432,-0.17213972570056008,0.6887687054601145,1.6745036350999234,1.6638148713106826,1.1983114668806636,-0.5779179491431614,-1.186294645384708,1.6265960500664864,1.183966831969668,-1.3796760685926017,0.4670730279993309,-0.6897666267994377,0.29927508385493606,0.3174616799121636,1.2544155404943578,0.37905692696983545,-1.3639225880441166,-0.5780467879587625,0.8123919307370916,0.3757070772734265,-0.4191618436647637,-0.5883027784716288,-0.5147881908936754,0.19257376934179843,-1.6718097789078483,-0.06043031500969416,-0.23603727817575146,-1.3645352461891151,0.16060332487613432,-0.40283352746475,-1.4034137775345368,-0.7382967907155507,-0.8029585385849607,-0.7412826244696451,0.4722938459517009,-0.5573284511481275,1.6169891944538555,0.5824600566376366,1.2738304002009833,0.34114795868251313,-1.329283776091189,-2.191021636031515,-0.07037260722860296,0.6883517567186668,-0.5543404866026249,0.4057558932713841,-0.7105492122174012,-1.9341396055154185,1.2814530023743167,0.32007237297602875,2.214506728966778,1.2609430582666492,0.4867433258346416,0.18529662170060043,-0.10099468893563943,-0.4484163106994903,0.23157858984544885,-1.5574001901303685,-0.05068926619599842,0.6924539858333956,-0.3313393853930269,0.3019712698293538,-0.40100599853520336,0.16861994853778697,1.2001455607804525,0.37664881073939227,0.3917668024236416,1.1497993046483517,-0.9120439185743965,-1.6188003849735837,-0.7859492274431964,-0.27072382905694814,1.8789658632804433,1.861599544978933,0.5112956817872671,0.4306158683719198,-1.1301144786599848,0.9625610577047825,0.27452323978909704,1.1531010945095388,0.08216248592796276,0.11049042971661288,2.036487143747007,0.21765963281639106,-1.439750246516866",2
29,"0.09734415496905369,-0.9449952942304256,-0.20027349700577435,0.7203409980044814,0.17734831775686263,0.000498549204201646,-0.27737340765673957,0.1367849281496206,0.3617202513355068,1.1993253784317564,0.7478611652577601,0.030352316633328023,-0.0008521560222358625,-1.2963102461706768,1.2960231488276845,1.6165924552599806,-1.9268186971805839,1.0677190275418869,1.3760991254925699,-0.6244424801552158,-0.7386585276535801,-0.4178494686375,0.7841327317933237,1.1315301321934914,0.33301974393707023,-0.04346640678680795,-0.007727611195014777,-0.9271770463087796,-0.8647422641406771,-0.21970878237079425,1.6458895993136495,-1.2509185271882273,-0.944579355175574,-1.6712886544704098,-1.10393985746007,-0.5344195884251757,0.25656033106753806,0.539122628371017,-0.3337329049832574,-0.031543334925359164,-0.3513927537404151,0.8443864616867438,0.9990657939354325,0.37747426806009526,0.39217385202500693,0.3986876987686878,0.4737891755439758,0.7531033744173203,-0.9557982689629284,0.4785000579741569,-1.720601813503645,-1.5277754650080468,1.0166046778667785,-0.17850187998000705,-1.745018156970971,0.5022850280952784,-0.11032770193763172,-0.2681992165100548,-0.6348290171190378,-1.2364423290021602,-0.8873833199489716,0.07639466125492825,-0.0065292181921558865,0.5370851045640616,2.4718265857861894,0.5148785409578176,-0.2558531101795462,-1.7374617103985075,-0.6877128569221863,-0.44214909354932846,1.2099991250622726,-1.1371333236900742,-0.5466848192162862,-0.41048864024100157,-0.2554439649163544,0.2606908464747766,0.342905485862116,0.6069170478741539,-0.3690272790123835,-0.3619035763314207,1.1346573026335818,0.08395966830462288,0.042754859871025,1.4192540068962933,-0.6671334120682921,-1.6170055784684985,0.2295360648113513,-0.975443644035442,-0.02986885394539754,-0.5387281682188706,2.4677310847715286,-0.7550098094630348,0.3859747901151415,1.3701308060173167,0.8327736504695833,-1.8678788348955946,-0.9074868133909244,0.49521002165259403,3.1224827486204654,-0.4512035247150472,-0.4940160372292219,0.6033966586885862,0.770614378320222,2.8291047447699342,-0.4295605409145137,1.0763391404154832,-1.7230135062875458,0.47722661315736653,0.3258643698408798,-1.102059930101006,-0.8879704904175176,-0.23523026145955006,-0.5842831580032287,0.19440992143943056,-0.5210062921080968,0.6088905657094646,1.5961230356821299,-0.3657959372307024,0.9479246445788273,-0.5511002973999797,0.4211535040636359,1.2265646622420294,0.7529800484860922,0.8984735364127178,-1.3059639261998706,0.6129922631255399,-0.10841980967995225,-0.8273532075694178,0.7491049223234477,0.11616052448798626,-1.7942552394296,1.2645418640283925,-1.9191722141335266,0.5454954706890722,1.2203417059942514,-0.09079613872478227,-0.3690478646567793,0.8127599455973075,-1.5079918481729722,-0.25609514472162,0.7417653377630351,1.5489135320145933,0.7568279859502205,1.6400026546587139,-1.8645812723389439,-0.4023081964016695,0.3014678460378075,-1.0149632066567067,-0.5242012098477367,-0.9078166105390268,0.37766799755005726,3.309183645141716,1.1209875942378413,-0.9248633090537985,0.9065314903636161,1.7970728319903346,-0.8399957555745693,-0.38789929741328183",3
